env,agent,run_dir,seed,checkpoint,side,mean_reward,std_reward,mean_steps,std_steps,mean_action_time_ms,std_action_time_ms,win_rate,draw_rate,loss_rate,termination_rate,truncation_rate,num_games
bobail,ddqn,"results/bobail/ddqn/batch_size64_buffer_capacity50000_epsilon_decay_steps100000_epsilon_end0.05_epsilon_start1.0_gamma0.99_hidden_layers[256, 128]_lr0.0005_target_update_freq500_seed123",123,1000,combined,-1.0,,82.36,,0.03347631679396744,,0.0,0.0,1.0,1.0,0.0,100
bobail,ddqn,"results/bobail/ddqn/batch_size64_buffer_capacity50000_epsilon_decay_steps100000_epsilon_end0.05_epsilon_start1.0_gamma0.99_hidden_layers[256, 128]_lr0.0005_target_update_freq500_seed123",123,1000,p0,-1.0,0.0,97.76,82.26944997992875,0.034781761259585924,0.11293798381450208,0.0,0.0,1.0,1.0,0.0,50
bobail,ddqn,"results/bobail/ddqn/batch_size64_buffer_capacity50000_epsilon_decay_steps100000_epsilon_end0.05_epsilon_start1.0_gamma0.99_hidden_layers[256, 128]_lr0.0005_target_update_freq500_seed123",123,1000,p1,-1.0,0.0,66.96,58.047208373874454,0.03217087232834896,0.0012601378868776923,0.0,0.0,1.0,1.0,0.0,50
bobail,ddqn,"results/bobail/ddqn/batch_size64_buffer_capacity50000_epsilon_decay_steps100000_epsilon_end0.05_epsilon_start1.0_gamma0.99_hidden_layers[256, 128]_lr0.0005_target_update_freq500_seed123",123,10000,combined,-0.86,,328.15,,0.03263230373176047,,0.07,0.0,0.93,1.0,0.0,100
bobail,ddqn,"results/bobail/ddqn/batch_size64_buffer_capacity50000_epsilon_decay_steps100000_epsilon_end0.05_epsilon_start1.0_gamma0.99_hidden_layers[256, 128]_lr0.0005_target_update_freq500_seed123",123,10000,p0,-0.8,0.6,158.04,107.49548083524256,0.032528212311189936,0.002125642251033152,0.1,0.0,0.9,1.0,0.0,50
bobail,ddqn,"results/bobail/ddqn/batch_size64_buffer_capacity50000_epsilon_decay_steps100000_epsilon_end0.05_epsilon_start1.0_gamma0.99_hidden_layers[256, 128]_lr0.0005_target_update_freq500_seed123",123,10000,p1,-0.92,0.3919183588453085,498.26,359.1997110243827,0.032736395152331,0.010749737373686749,0.04,0.0,0.96,1.0,0.0,50
bobail,ddqn,"results/bobail/ddqn/batch_size64_buffer_capacity50000_epsilon_decay_steps100000_epsilon_end0.05_epsilon_start1.0_gamma0.99_hidden_layers[256, 128]_lr0.0005_target_update_freq500_seed123",123,100000,combined,-0.86,,294.79,,0.031738245076509325,,0.07,0.0,0.93,1.0,0.0,100
bobail,ddqn,"results/bobail/ddqn/batch_size64_buffer_capacity50000_epsilon_decay_steps100000_epsilon_end0.05_epsilon_start1.0_gamma0.99_hidden_layers[256, 128]_lr0.0005_target_update_freq500_seed123",123,100000,p0,-0.84,0.5425863986500215,178.64,129.30672990993162,0.03204646968304447,0.002577638035599889,0.08,0.0,0.92,1.0,0.0,50
bobail,ddqn,"results/bobail/ddqn/batch_size64_buffer_capacity50000_epsilon_decay_steps100000_epsilon_end0.05_epsilon_start1.0_gamma0.99_hidden_layers[256, 128]_lr0.0005_target_update_freq500_seed123",123,100000,p1,-0.88,0.4749736834815167,410.94,339.7788933998108,0.031430020469974174,0.0014897872718744275,0.06,0.0,0.94,1.0,0.0,50
bobail,ddqn,"results/bobail/ddqn/batch_size64_buffer_capacity50000_epsilon_decay_steps100000_epsilon_end0.05_epsilon_start1.0_gamma0.99_hidden_layers[256, 128]_lr0.0005_target_update_freq500_seed42",42,1000,combined,-0.98,,75.87,,0.03181220355830379,,0.01,0.0,0.99,1.0,0.0,100
bobail,ddqn,"results/bobail/ddqn/batch_size64_buffer_capacity50000_epsilon_decay_steps100000_epsilon_end0.05_epsilon_start1.0_gamma0.99_hidden_layers[256, 128]_lr0.0005_target_update_freq500_seed42",42,1000,p0,-0.96,0.27999999999999997,82.62,74.7660056442766,0.0322777161726471,0.003478922466364989,0.02,0.0,0.98,1.0,0.0,50
bobail,ddqn,"results/bobail/ddqn/batch_size64_buffer_capacity50000_epsilon_decay_steps100000_epsilon_end0.05_epsilon_start1.0_gamma0.99_hidden_layers[256, 128]_lr0.0005_target_update_freq500_seed42",42,1000,p1,-1.0,0.0,69.12,52.25194350452431,0.03134669094396048,0.0016395651082741834,0.0,0.0,1.0,1.0,0.0,50
bobail,ddqn,"results/bobail/ddqn/batch_size64_buffer_capacity50000_epsilon_decay_steps100000_epsilon_end0.05_epsilon_start1.0_gamma0.99_hidden_layers[256, 128]_lr0.0005_target_update_freq500_seed42",42,10000,combined,-0.58,,277.23,,0.03186231648974716,,0.21,0.0,0.79,1.0,0.0,100
bobail,ddqn,"results/bobail/ddqn/batch_size64_buffer_capacity50000_epsilon_decay_steps100000_epsilon_end0.05_epsilon_start1.0_gamma0.99_hidden_layers[256, 128]_lr0.0005_target_update_freq500_seed42",42,10000,p0,-0.68,0.7332121111929344,150.4,85.33510414829293,0.03155912060545698,0.0026431888318694786,0.16,0.0,0.84,1.0,0.0,50
bobail,ddqn,"results/bobail/ddqn/batch_size64_buffer_capacity50000_epsilon_decay_steps100000_epsilon_end0.05_epsilon_start1.0_gamma0.99_hidden_layers[256, 128]_lr0.0005_target_update_freq500_seed42",42,10000,p1,-0.48,0.8772684879784524,404.06,289.6551335640368,0.03216551237403734,0.0018889674656055089,0.26,0.0,0.74,1.0,0.0,50
bobail,ddqn,"results/bobail/ddqn/batch_size64_buffer_capacity50000_epsilon_decay_steps100000_epsilon_end0.05_epsilon_start1.0_gamma0.99_hidden_layers[256, 128]_lr0.0005_target_update_freq500_seed42",42,100000,combined,-0.64,,176.25,,0.032027055362512435,,0.18,0.0,0.82,1.0,0.0,100
bobail,ddqn,"results/bobail/ddqn/batch_size64_buffer_capacity50000_epsilon_decay_steps100000_epsilon_end0.05_epsilon_start1.0_gamma0.99_hidden_layers[256, 128]_lr0.0005_target_update_freq500_seed42",42,100000,p0,-0.72,0.6939740629158988,159.02,109.86873804681659,0.032297676642073066,0.002530477286355992,0.14,0.0,0.86,1.0,0.0,50
bobail,ddqn,"results/bobail/ddqn/batch_size64_buffer_capacity50000_epsilon_decay_steps100000_epsilon_end0.05_epsilon_start1.0_gamma0.99_hidden_layers[256, 128]_lr0.0005_target_update_freq500_seed42",42,100000,p1,-0.56,0.8284926070883192,193.48,187.55854979179168,0.031756434082951805,0.0018714574055511374,0.22,0.0,0.78,1.0,0.0,50
bobail,ddqn,"results/bobail/ddqn/batch_size64_buffer_capacity50000_epsilon_decay_steps100000_epsilon_end0.05_epsilon_start1.0_gamma0.99_hidden_layers[256, 128]_lr0.0005_target_update_freq500_seed456",456,1000,combined,-0.94,,52.5,,0.03261033611229033,,0.03,0.0,0.97,1.0,0.0,100
bobail,ddqn,"results/bobail/ddqn/batch_size64_buffer_capacity50000_epsilon_decay_steps100000_epsilon_end0.05_epsilon_start1.0_gamma0.99_hidden_layers[256, 128]_lr0.0005_target_update_freq500_seed456",456,1000,p0,-0.92,0.3919183588453085,54.96,42.2473478457524,0.032956801504682984,0.0036477230755719743,0.04,0.0,0.96,1.0,0.0,50
bobail,ddqn,"results/bobail/ddqn/batch_size64_buffer_capacity50000_epsilon_decay_steps100000_epsilon_end0.05_epsilon_start1.0_gamma0.99_hidden_layers[256, 128]_lr0.0005_target_update_freq500_seed456",456,1000,p1,-0.96,0.27999999999999997,50.04,35.41409888730758,0.03226387071989768,0.001917069943471592,0.02,0.0,0.98,1.0,0.0,50
bobail,ddqn,"results/bobail/ddqn/batch_size64_buffer_capacity50000_epsilon_decay_steps100000_epsilon_end0.05_epsilon_start1.0_gamma0.99_hidden_layers[256, 128]_lr0.0005_target_update_freq500_seed456",456,10000,combined,-0.84,,161.45,,0.03181832963421874,,0.08,0.0,0.92,1.0,0.0,100
bobail,ddqn,"results/bobail/ddqn/batch_size64_buffer_capacity50000_epsilon_decay_steps100000_epsilon_end0.05_epsilon_start1.0_gamma0.99_hidden_layers[256, 128]_lr0.0005_target_update_freq500_seed456",456,10000,p0,-0.88,0.4749736834815167,106.76,82.42707322233393,0.03222728466249391,0.0026093004808064,0.06,0.0,0.94,1.0,0.0,50
bobail,ddqn,"results/bobail/ddqn/batch_size64_buffer_capacity50000_epsilon_decay_steps100000_epsilon_end0.05_epsilon_start1.0_gamma0.99_hidden_layers[256, 128]_lr0.0005_target_update_freq500_seed456",456,10000,p1,-0.8,0.6,216.14,127.65422202183521,0.03140937460594358,0.00114540062608756,0.1,0.0,0.9,1.0,0.0,50
bobail,ddqn,"results/bobail/ddqn/batch_size64_buffer_capacity50000_epsilon_decay_steps100000_epsilon_end0.05_epsilon_start1.0_gamma0.99_hidden_layers[256, 128]_lr0.0005_target_update_freq500_seed456",456,100000,combined,-0.66,,162.86,,0.032419846780660615,,0.17,0.0,0.83,1.0,0.0,100
bobail,ddqn,"results/bobail/ddqn/batch_size64_buffer_capacity50000_epsilon_decay_steps100000_epsilon_end0.05_epsilon_start1.0_gamma0.99_hidden_layers[256, 128]_lr0.0005_target_update_freq500_seed456",456,100000,p0,-0.84,0.5425863986500215,96.16,74.47613308973554,0.03266045137017209,0.003554019443247825,0.08,0.0,0.92,1.0,0.0,50
bobail,ddqn,"results/bobail/ddqn/batch_size64_buffer_capacity50000_epsilon_decay_steps100000_epsilon_end0.05_epsilon_start1.0_gamma0.99_hidden_layers[256, 128]_lr0.0005_target_update_freq500_seed456",456,100000,p1,-0.48,0.8772684879784524,229.56,205.42221496225767,0.03217924219114915,0.0018602804211431997,0.26,0.0,0.74,1.0,0.0,50
bobail,ddqn,"results/bobail/ddqn/batch_size64_buffer_capacity50000_epsilon_decay_steps80000_epsilon_end0.05_epsilon_start1.0_gamma0.99_hidden_layers[256, 128]_lr0.0001_target_update_freq1000_seed123",123,1000,combined,-0.98,,45.75,,0.03261717238994513,,0.01,0.0,0.99,1.0,0.0,100
bobail,ddqn,"results/bobail/ddqn/batch_size64_buffer_capacity50000_epsilon_decay_steps80000_epsilon_end0.05_epsilon_start1.0_gamma0.99_hidden_layers[256, 128]_lr0.0001_target_update_freq1000_seed123",123,1000,p0,-1.0,0.0,57.92,47.35222909219797,0.03313749143596512,0.00465312986719365,0.0,0.0,1.0,1.0,0.0,50
bobail,ddqn,"results/bobail/ddqn/batch_size64_buffer_capacity50000_epsilon_decay_steps80000_epsilon_end0.05_epsilon_start1.0_gamma0.99_hidden_layers[256, 128]_lr0.0001_target_update_freq1000_seed123",123,1000,p1,-0.96,0.27999999999999997,33.58,34.00122938953826,0.03209685334392513,0.004126661724543652,0.02,0.0,0.98,1.0,0.0,50
bobail,ddqn,"results/bobail/ddqn/batch_size64_buffer_capacity50000_epsilon_decay_steps80000_epsilon_end0.05_epsilon_start1.0_gamma0.99_hidden_layers[256, 128]_lr0.0001_target_update_freq1000_seed123",123,10000,combined,-0.82,,412.86,,0.031796646882423944,,0.09,0.0,0.91,1.0,0.0,100
bobail,ddqn,"results/bobail/ddqn/batch_size64_buffer_capacity50000_epsilon_decay_steps80000_epsilon_end0.05_epsilon_start1.0_gamma0.99_hidden_layers[256, 128]_lr0.0001_target_update_freq1000_seed123",123,10000,p0,-0.84,0.5425863986500213,433.08,319.79579984734005,0.03243481500664871,0.013173624132387025,0.08,0.0,0.92,1.0,0.0,50
bobail,ddqn,"results/bobail/ddqn/batch_size64_buffer_capacity50000_epsilon_decay_steps80000_epsilon_end0.05_epsilon_start1.0_gamma0.99_hidden_layers[256, 128]_lr0.0001_target_update_freq1000_seed123",123,10000,p1,-0.8,0.6,392.64,270.99953948300356,0.031158478758199184,0.0016403911552718895,0.1,0.0,0.9,1.0,0.0,50
bobail,ddqn,"results/bobail/ddqn/batch_size64_buffer_capacity50000_epsilon_decay_steps80000_epsilon_end0.05_epsilon_start1.0_gamma0.99_hidden_layers[256, 128]_lr0.0001_target_update_freq1000_seed123",123,50000,combined,-0.62,,531.0,,0.03294039303759035,,0.19,0.0,0.81,1.0,0.0,100
bobail,ddqn,"results/bobail/ddqn/batch_size64_buffer_capacity50000_epsilon_decay_steps80000_epsilon_end0.05_epsilon_start1.0_gamma0.99_hidden_layers[256, 128]_lr0.0001_target_update_freq1000_seed123",123,50000,p0,-0.52,0.854166260162505,504.78,423.2442457966795,0.03202768276436712,0.0016526641351126395,0.24,0.0,0.76,1.0,0.0,50
bobail,ddqn,"results/bobail/ddqn/batch_size64_buffer_capacity50000_epsilon_decay_steps80000_epsilon_end0.05_epsilon_start1.0_gamma0.99_hidden_layers[256, 128]_lr0.0001_target_update_freq1000_seed123",123,50000,p1,-0.72,0.6939740629158989,557.22,406.8939070568642,0.03385310331081359,0.005999515929517915,0.14,0.0,0.86,1.0,0.0,50
bobail,ddqn,"results/bobail/ddqn/batch_size64_buffer_capacity50000_epsilon_decay_steps80000_epsilon_end0.05_epsilon_start1.0_gamma0.99_hidden_layers[256, 128]_lr0.0001_target_update_freq1000_seed123",123,100000,combined,-0.6,,522.22,,0.03325464287298285,,0.2,0.0,0.8,1.0,0.0,100
bobail,ddqn,"results/bobail/ddqn/batch_size64_buffer_capacity50000_epsilon_decay_steps80000_epsilon_end0.05_epsilon_start1.0_gamma0.99_hidden_layers[256, 128]_lr0.0001_target_update_freq1000_seed123",123,100000,p0,-0.52,0.854166260162505,542.74,408.18450779028836,0.0335462562108672,0.0064370492869369415,0.24,0.0,0.76,1.0,0.0,50
bobail,ddqn,"results/bobail/ddqn/batch_size64_buffer_capacity50000_epsilon_decay_steps80000_epsilon_end0.05_epsilon_start1.0_gamma0.99_hidden_layers[256, 128]_lr0.0001_target_update_freq1000_seed123",123,100000,p1,-0.68,0.7332121111929345,501.7,417.1770966867668,0.03296302953509849,0.008809071372676142,0.16,0.0,0.84,1.0,0.0,50
bobail,ddqn,"results/bobail/ddqn/batch_size64_buffer_capacity50000_epsilon_decay_steps80000_epsilon_end0.05_epsilon_start1.0_gamma0.99_hidden_layers[256, 128]_lr0.0001_target_update_freq1000_seed42",42,1000,combined,-0.98,,65.42,,0.03255096227590763,,0.01,0.0,0.99,1.0,0.0,100
bobail,ddqn,"results/bobail/ddqn/batch_size64_buffer_capacity50000_epsilon_decay_steps80000_epsilon_end0.05_epsilon_start1.0_gamma0.99_hidden_layers[256, 128]_lr0.0001_target_update_freq1000_seed42",42,1000,p0,-1.0,0.0,60.56,41.94289451146642,0.03293396109534253,0.004455251614900252,0.0,0.0,1.0,1.0,0.0,50
bobail,ddqn,"results/bobail/ddqn/batch_size64_buffer_capacity50000_epsilon_decay_steps80000_epsilon_end0.05_epsilon_start1.0_gamma0.99_hidden_layers[256, 128]_lr0.0001_target_update_freq1000_seed42",42,1000,p1,-0.96,0.27999999999999997,70.28,58.814977684259986,0.032167963456472735,0.0028526005118655693,0.02,0.0,0.98,1.0,0.0,50
bobail,ddqn,"results/bobail/ddqn/batch_size64_buffer_capacity50000_epsilon_decay_steps80000_epsilon_end0.05_epsilon_start1.0_gamma0.99_hidden_layers[256, 128]_lr0.0001_target_update_freq1000_seed42",42,10000,combined,-0.78,,747.12,,0.032680018153841334,,0.11,0.0,0.89,1.0,0.0,100
bobail,ddqn,"results/bobail/ddqn/batch_size64_buffer_capacity50000_epsilon_decay_steps80000_epsilon_end0.05_epsilon_start1.0_gamma0.99_hidden_layers[256, 128]_lr0.0001_target_update_freq1000_seed42",42,10000,p0,-0.64,0.7683749084919419,791.02,611.1771098462376,0.032447500106691375,0.0059450186964147,0.18,0.0,0.82,1.0,0.0,50
bobail,ddqn,"results/bobail/ddqn/batch_size64_buffer_capacity50000_epsilon_decay_steps80000_epsilon_end0.05_epsilon_start1.0_gamma0.99_hidden_layers[256, 128]_lr0.0001_target_update_freq1000_seed42",42,10000,p1,-0.92,0.3919183588453085,703.22,507.1845143535043,0.03291253620099129,0.0070176613476789695,0.04,0.0,0.96,1.0,0.0,50
bobail,ddqn,"results/bobail/ddqn/batch_size64_buffer_capacity50000_epsilon_decay_steps80000_epsilon_end0.05_epsilon_start1.0_gamma0.99_hidden_layers[256, 128]_lr0.0001_target_update_freq1000_seed42",42,50000,combined,-0.76,,562.25,,0.03309829235966956,,0.12,0.0,0.88,1.0,0.0,100
bobail,ddqn,"results/bobail/ddqn/batch_size64_buffer_capacity50000_epsilon_decay_steps80000_epsilon_end0.05_epsilon_start1.0_gamma0.99_hidden_layers[256, 128]_lr0.0001_target_update_freq1000_seed42",42,50000,p0,-0.72,0.6939740629158988,536.06,390.32255430605085,0.03334100812921115,0.012671097075856102,0.14,0.0,0.86,1.0,0.0,50
bobail,ddqn,"results/bobail/ddqn/batch_size64_buffer_capacity50000_epsilon_decay_steps80000_epsilon_end0.05_epsilon_start1.0_gamma0.99_hidden_layers[256, 128]_lr0.0001_target_update_freq1000_seed42",42,50000,p1,-0.8,0.6,588.44,526.8186465948221,0.03285557659012797,0.00876405978149417,0.1,0.0,0.9,1.0,0.0,50
bobail,ddqn,"results/bobail/ddqn/batch_size64_buffer_capacity50000_epsilon_decay_steps80000_epsilon_end0.05_epsilon_start1.0_gamma0.99_hidden_layers[256, 128]_lr0.0001_target_update_freq1000_seed42",42,100000,combined,-0.84,,445.49,,0.03360340377919619,,0.08,0.0,0.92,1.0,0.0,100
bobail,ddqn,"results/bobail/ddqn/batch_size64_buffer_capacity50000_epsilon_decay_steps80000_epsilon_end0.05_epsilon_start1.0_gamma0.99_hidden_layers[256, 128]_lr0.0001_target_update_freq1000_seed42",42,100000,p0,-0.76,0.6499230723708769,466.24,363.1892377260097,0.03317901990113494,0.00743693016104425,0.12,0.0,0.88,1.0,0.0,50
bobail,ddqn,"results/bobail/ddqn/batch_size64_buffer_capacity50000_epsilon_decay_steps80000_epsilon_end0.05_epsilon_start1.0_gamma0.99_hidden_layers[256, 128]_lr0.0001_target_update_freq1000_seed42",42,100000,p1,-0.92,0.3919183588453085,424.74,438.29537118249385,0.03402778765725743,0.01102601383959718,0.04,0.0,0.96,1.0,0.0,50
bobail,ddqn_er,"results/bobail/ddqn_er/batch_size64_buffer_capacity50000_epsilon_decay_steps100000_epsilon_end0.05_epsilon_start1.0_gamma0.99_hidden_layers[256, 128]_learning_starts5000_lr0.0005_target_update_freq500_seed42",42,1000,combined,-1.0,,30.72,,0.033884666584792125,,0.0,0.0,1.0,1.0,0.0,100
bobail,ddqn_er,"results/bobail/ddqn_er/batch_size64_buffer_capacity50000_epsilon_decay_steps100000_epsilon_end0.05_epsilon_start1.0_gamma0.99_hidden_layers[256, 128]_learning_starts5000_lr0.0005_target_update_freq500_seed42",42,1000,p0,-1.0,0.0,25.84,24.238283767626783,0.03381031152688474,0.008848876877567658,0.0,0.0,1.0,1.0,0.0,50
bobail,ddqn_er,"results/bobail/ddqn_er/batch_size64_buffer_capacity50000_epsilon_decay_steps100000_epsilon_end0.05_epsilon_start1.0_gamma0.99_hidden_layers[256, 128]_learning_starts5000_lr0.0005_target_update_freq500_seed42",42,1000,p1,-1.0,0.0,35.6,29.36392344357273,0.033959021642699504,0.006849259183119101,0.0,0.0,1.0,1.0,0.0,50
bobail,ddqn_er,"results/bobail/ddqn_er/batch_size64_buffer_capacity50000_epsilon_decay_steps100000_epsilon_end0.05_epsilon_start1.0_gamma0.99_hidden_layers[256, 128]_learning_starts5000_lr0.0005_target_update_freq500_seed42",42,10000,combined,-0.94,,306.48,,0.03592323110569631,,0.03,0.0,0.97,1.0,0.0,100
bobail,ddqn_er,"results/bobail/ddqn_er/batch_size64_buffer_capacity50000_epsilon_decay_steps100000_epsilon_end0.05_epsilon_start1.0_gamma0.99_hidden_layers[256, 128]_learning_starts5000_lr0.0005_target_update_freq500_seed42",42,10000,p0,-0.92,0.39191835884530857,181.14,228.45095841339779,0.037972328681214924,0.037997824687497246,0.04,0.0,0.96,1.0,0.0,50
bobail,ddqn_er,"results/bobail/ddqn_er/batch_size64_buffer_capacity50000_epsilon_decay_steps100000_epsilon_end0.05_epsilon_start1.0_gamma0.99_hidden_layers[256, 128]_learning_starts5000_lr0.0005_target_update_freq500_seed42",42,10000,p1,-0.96,0.27999999999999997,431.82,393.27963028867896,0.033874133530177694,0.01809460721801334,0.02,0.0,0.98,1.0,0.0,50
bobail,ddqn_er,"results/bobail/ddqn_er/batch_size64_buffer_capacity50000_epsilon_decay_steps100000_epsilon_end0.05_epsilon_start1.0_gamma0.99_hidden_layers[256, 128]_learning_starts5000_lr0.0005_target_update_freq500_seed42",42,50000,combined,-0.9,,215.55,,0.033384520151156956,,0.05,0.0,0.95,1.0,0.0,100
bobail,ddqn_er,"results/bobail/ddqn_er/batch_size64_buffer_capacity50000_epsilon_decay_steps100000_epsilon_end0.05_epsilon_start1.0_gamma0.99_hidden_layers[256, 128]_learning_starts5000_lr0.0005_target_update_freq500_seed42",42,50000,p0,-0.8,0.6,184.7,140.77730640980457,0.033805447269310965,0.006609366926255784,0.1,0.0,0.9,1.0,0.0,50
bobail,ddqn_er,"results/bobail/ddqn_er/batch_size64_buffer_capacity50000_epsilon_decay_steps100000_epsilon_end0.05_epsilon_start1.0_gamma0.99_hidden_layers[256, 128]_learning_starts5000_lr0.0005_target_update_freq500_seed42",42,50000,p1,-1.0,0.0,246.4,241.28273871124725,0.03296359303300295,0.005359067521216939,0.0,0.0,1.0,1.0,0.0,50
bobail,ddqn_er,"results/bobail/ddqn_er/batch_size64_buffer_capacity50000_epsilon_decay_steps80000_epsilon_end0.05_epsilon_start1.0_gamma0.99_hidden_layers[256, 128]_learning_starts5000_lr0.0001_target_update_freq1000_seed123",123,1000,combined,-0.78,,84.71,,0.03220449858508026,,0.11,0.0,0.89,1.0,0.0,100
bobail,ddqn_er,"results/bobail/ddqn_er/batch_size64_buffer_capacity50000_epsilon_decay_steps80000_epsilon_end0.05_epsilon_start1.0_gamma0.99_hidden_layers[256, 128]_learning_starts5000_lr0.0001_target_update_freq1000_seed123",123,1000,p0,-0.88,0.4749736834815167,101.88,90.17974051858877,0.031920613344023054,0.0026005714874003443,0.06,0.0,0.94,1.0,0.0,50
bobail,ddqn_er,"results/bobail/ddqn_er/batch_size64_buffer_capacity50000_epsilon_decay_steps80000_epsilon_end0.05_epsilon_start1.0_gamma0.99_hidden_layers[256, 128]_learning_starts5000_lr0.0001_target_update_freq1000_seed123",123,1000,p1,-0.68,0.7332121111929344,67.54,64.70771515051355,0.03248838382613746,0.0045796602139021435,0.16,0.0,0.84,1.0,0.0,50
bobail,ddqn_er,"results/bobail/ddqn_er/batch_size64_buffer_capacity50000_epsilon_decay_steps80000_epsilon_end0.05_epsilon_start1.0_gamma0.99_hidden_layers[256, 128]_learning_starts5000_lr0.0001_target_update_freq1000_seed123",123,10000,combined,-0.62,,447.06,,0.0323244255291594,,0.19,0.0,0.81,1.0,0.0,100
bobail,ddqn_er,"results/bobail/ddqn_er/batch_size64_buffer_capacity50000_epsilon_decay_steps80000_epsilon_end0.05_epsilon_start1.0_gamma0.99_hidden_layers[256, 128]_learning_starts5000_lr0.0001_target_update_freq1000_seed123",123,10000,p0,-0.56,0.8284926070883192,473.1,450.0942234688199,0.0318937757580165,0.004372517229251409,0.22,0.0,0.78,1.0,0.0,50
bobail,ddqn_er,"results/bobail/ddqn_er/batch_size64_buffer_capacity50000_epsilon_decay_steps80000_epsilon_end0.05_epsilon_start1.0_gamma0.99_hidden_layers[256, 128]_learning_starts5000_lr0.0001_target_update_freq1000_seed123",123,10000,p1,-0.68,0.7332121111929345,421.02,360.22212536156076,0.0327550753003023,0.007890656066587474,0.16,0.0,0.84,1.0,0.0,50
bobail,ddqn_er,"results/bobail/ddqn_er/batch_size64_buffer_capacity50000_epsilon_decay_steps80000_epsilon_end0.05_epsilon_start1.0_gamma0.99_hidden_layers[256, 128]_learning_starts5000_lr0.0001_target_update_freq1000_seed123",123,50000,combined,-0.62,,524.49,,0.03216300268753685,,0.19,0.0,0.81,1.0,0.0,100
bobail,ddqn_er,"results/bobail/ddqn_er/batch_size64_buffer_capacity50000_epsilon_decay_steps80000_epsilon_end0.05_epsilon_start1.0_gamma0.99_hidden_layers[256, 128]_learning_starts5000_lr0.0001_target_update_freq1000_seed123",123,50000,p0,-0.6,0.8,369.26,373.47009572387446,0.03196122192269149,0.003302827190312354,0.2,0.0,0.8,1.0,0.0,50
bobail,ddqn_er,"results/bobail/ddqn_er/batch_size64_buffer_capacity50000_epsilon_decay_steps80000_epsilon_end0.05_epsilon_start1.0_gamma0.99_hidden_layers[256, 128]_learning_starts5000_lr0.0001_target_update_freq1000_seed123",123,50000,p1,-0.64,0.7683749084919419,679.72,540.8570250999796,0.03236478345238221,0.005140347341018474,0.18,0.0,0.82,1.0,0.0,50
bobail,ddqn_er,"results/bobail/ddqn_er/batch_size64_buffer_capacity50000_epsilon_decay_steps80000_epsilon_end0.05_epsilon_start1.0_gamma0.99_hidden_layers[256, 128]_learning_starts5000_lr0.0001_target_update_freq1000_seed123",123,100000,combined,-0.5,,528.39,,0.03221751848294627,,0.25,0.0,0.75,1.0,0.0,100
bobail,ddqn_er,"results/bobail/ddqn_er/batch_size64_buffer_capacity50000_epsilon_decay_steps80000_epsilon_end0.05_epsilon_start1.0_gamma0.99_hidden_layers[256, 128]_learning_starts5000_lr0.0001_target_update_freq1000_seed123",123,100000,p0,-0.48,0.8772684879784524,342.34,251.04649848185494,0.03213360958149106,0.003155185013141704,0.26,0.0,0.74,1.0,0.0,50
bobail,ddqn_er,"results/bobail/ddqn_er/batch_size64_buffer_capacity50000_epsilon_decay_steps80000_epsilon_end0.05_epsilon_start1.0_gamma0.99_hidden_layers[256, 128]_learning_starts5000_lr0.0001_target_update_freq1000_seed123",123,100000,p1,-0.52,0.854166260162505,714.44,550.9426888524795,0.03230142738440148,0.005431389357094556,0.24,0.0,0.76,1.0,0.0,50
bobail,ddqn_er,"results/bobail/ddqn_er/batch_size64_buffer_capacity50000_epsilon_decay_steps80000_epsilon_end0.05_epsilon_start1.0_gamma0.99_hidden_layers[256, 128]_learning_starts5000_lr0.0001_target_update_freq1000_seed42",42,1000,combined,-0.36,,76.61,,0.032205063094647886,,0.32,0.0,0.68,1.0,0.0,100
bobail,ddqn_er,"results/bobail/ddqn_er/batch_size64_buffer_capacity50000_epsilon_decay_steps80000_epsilon_end0.05_epsilon_start1.0_gamma0.99_hidden_layers[256, 128]_learning_starts5000_lr0.0001_target_update_freq1000_seed42",42,1000,p0,-0.32,0.947417542586161,85.66,86.93068733191978,0.03240600404808527,0.0032554751227154236,0.34,0.0,0.66,1.0,0.0,50
bobail,ddqn_er,"results/bobail/ddqn_er/batch_size64_buffer_capacity50000_epsilon_decay_steps80000_epsilon_end0.05_epsilon_start1.0_gamma0.99_hidden_layers[256, 128]_learning_starts5000_lr0.0001_target_update_freq1000_seed42",42,1000,p1,-0.4,0.9165151389911679,67.56,60.526080329061465,0.0320041221412105,0.0028206811781226904,0.3,0.0,0.7,1.0,0.0,50
bobail,ddqn_er,"results/bobail/ddqn_er/batch_size64_buffer_capacity50000_epsilon_decay_steps80000_epsilon_end0.05_epsilon_start1.0_gamma0.99_hidden_layers[256, 128]_learning_starts5000_lr0.0001_target_update_freq1000_seed42",42,10000,combined,-0.26,,299.51,,0.03185520502824824,,0.37,0.0,0.63,1.0,0.0,100
bobail,ddqn_er,"results/bobail/ddqn_er/batch_size64_buffer_capacity50000_epsilon_decay_steps80000_epsilon_end0.05_epsilon_start1.0_gamma0.99_hidden_layers[256, 128]_learning_starts5000_lr0.0001_target_update_freq1000_seed42",42,10000,p0,-0.28,0.96,349.6,277.0842471162877,0.03199788815825666,0.003713443189466746,0.36,0.0,0.64,1.0,0.0,50
bobail,ddqn_er,"results/bobail/ddqn_er/batch_size64_buffer_capacity50000_epsilon_decay_steps80000_epsilon_end0.05_epsilon_start1.0_gamma0.99_hidden_layers[256, 128]_learning_starts5000_lr0.0001_target_update_freq1000_seed42",42,10000,p1,-0.24,0.9707728879609278,249.42,218.22411324141063,0.03171252189823982,0.0029303178920595356,0.38,0.0,0.62,1.0,0.0,50
bobail,ddqn_er,"results/bobail/ddqn_er/batch_size64_buffer_capacity50000_epsilon_decay_steps80000_epsilon_end0.05_epsilon_start1.0_gamma0.99_hidden_layers[256, 128]_learning_starts5000_lr0.0001_target_update_freq1000_seed42",42,50000,combined,-0.34,,263.32,,0.03342086702141338,,0.33,0.0,0.67,1.0,0.0,100
bobail,ddqn_er,"results/bobail/ddqn_er/batch_size64_buffer_capacity50000_epsilon_decay_steps80000_epsilon_end0.05_epsilon_start1.0_gamma0.99_hidden_layers[256, 128]_learning_starts5000_lr0.0001_target_update_freq1000_seed42",42,50000,p0,-0.52,0.854166260162505,277.3,182.6143751187184,0.03330306911051587,0.005650797912671033,0.24,0.0,0.76,1.0,0.0,50
bobail,ddqn_er,"results/bobail/ddqn_er/batch_size64_buffer_capacity50000_epsilon_decay_steps80000_epsilon_end0.05_epsilon_start1.0_gamma0.99_hidden_layers[256, 128]_learning_starts5000_lr0.0001_target_update_freq1000_seed42",42,50000,p1,-0.16,0.9871170143402452,249.34,184.83437018044017,0.03353866493231089,0.009014492052990451,0.42,0.0,0.58,1.0,0.0,50
bobail,ddqn_er,"results/bobail/ddqn_er/batch_size64_buffer_capacity50000_epsilon_decay_steps80000_epsilon_end0.05_epsilon_start1.0_gamma0.99_hidden_layers[256, 128]_learning_starts5000_lr0.0001_target_update_freq1000_seed42",42,100000,combined,-0.12000000000000002,,263.84,,0.032534818944442455,,0.44,0.0,0.56,1.0,0.0,100
bobail,ddqn_er,"results/bobail/ddqn_er/batch_size64_buffer_capacity50000_epsilon_decay_steps80000_epsilon_end0.05_epsilon_start1.0_gamma0.99_hidden_layers[256, 128]_learning_starts5000_lr0.0001_target_update_freq1000_seed42",42,100000,p0,-0.28,0.96,217.76,154.1597301502568,0.032834558392133124,0.00461548902161054,0.36,0.0,0.64,1.0,0.0,50
bobail,ddqn_er,"results/bobail/ddqn_er/batch_size64_buffer_capacity50000_epsilon_decay_steps80000_epsilon_end0.05_epsilon_start1.0_gamma0.99_hidden_layers[256, 128]_learning_starts5000_lr0.0001_target_update_freq1000_seed42",42,100000,p1,0.04,0.9991996797437437,309.92,224.68678999887823,0.03223507949675178,0.0028454842627731202,0.52,0.0,0.48,1.0,0.0,50
bobail,ddqn_per,"results/bobail/ddqn_per/batch_size64_buffer_capacity50000_epsilon_decay_steps100000_epsilon_end0.05_epsilon_start1.0_gamma0.99_hidden_layers[256, 128]_learning_starts5000_lr0.0003_per_alpha0.6_per_beta_end1.0_per_beta_start0.4_per_beta_steps80000_target_update_freq500_seed42",42,1000,combined,-1.0,,31.04,,0.03262739696688346,,0.0,0.0,1.0,1.0,0.0,100
bobail,ddqn_per,"results/bobail/ddqn_per/batch_size64_buffer_capacity50000_epsilon_decay_steps100000_epsilon_end0.05_epsilon_start1.0_gamma0.99_hidden_layers[256, 128]_learning_starts5000_lr0.0003_per_alpha0.6_per_beta_end1.0_per_beta_start0.4_per_beta_steps80000_target_update_freq500_seed42",42,1000,p0,-1.0,0.0,29.2,25.20952201054197,0.032774655368459756,0.0051184710686284505,0.0,0.0,1.0,1.0,0.0,50
bobail,ddqn_per,"results/bobail/ddqn_per/batch_size64_buffer_capacity50000_epsilon_decay_steps100000_epsilon_end0.05_epsilon_start1.0_gamma0.99_hidden_layers[256, 128]_learning_starts5000_lr0.0003_per_alpha0.6_per_beta_end1.0_per_beta_start0.4_per_beta_steps80000_target_update_freq500_seed42",42,1000,p1,-1.0,0.0,32.88,25.200507931389,0.032480138565307154,0.0037988397205844186,0.0,0.0,1.0,1.0,0.0,50
bobail,ddqn_per,"results/bobail/ddqn_per/batch_size64_buffer_capacity50000_epsilon_decay_steps100000_epsilon_end0.05_epsilon_start1.0_gamma0.99_hidden_layers[256, 128]_learning_starts5000_lr0.0003_per_alpha0.6_per_beta_end1.0_per_beta_start0.4_per_beta_steps80000_target_update_freq500_seed42",42,10000,combined,-0.8,,343.46,,0.03270093490706161,,0.1,0.0,0.9,1.0,0.0,100
bobail,ddqn_per,"results/bobail/ddqn_per/batch_size64_buffer_capacity50000_epsilon_decay_steps100000_epsilon_end0.05_epsilon_start1.0_gamma0.99_hidden_layers[256, 128]_learning_starts5000_lr0.0003_per_alpha0.6_per_beta_end1.0_per_beta_start0.4_per_beta_steps80000_target_update_freq500_seed42",42,10000,p0,-0.72,0.6939740629158988,308.12,232.2279604182063,0.03320979197360512,0.0057903751330446,0.14,0.0,0.86,1.0,0.0,50
bobail,ddqn_per,"results/bobail/ddqn_per/batch_size64_buffer_capacity50000_epsilon_decay_steps100000_epsilon_end0.05_epsilon_start1.0_gamma0.99_hidden_layers[256, 128]_learning_starts5000_lr0.0003_per_alpha0.6_per_beta_end1.0_per_beta_start0.4_per_beta_steps80000_target_update_freq500_seed42",42,10000,p1,-0.88,0.4749736834815167,378.8,288.2924209895224,0.03219207784051809,0.00339641542000593,0.06,0.0,0.94,1.0,0.0,50
bobail,ddqn_per,"results/bobail/ddqn_per/batch_size64_buffer_capacity50000_epsilon_decay_steps100000_epsilon_end0.05_epsilon_start1.0_gamma0.99_hidden_layers[256, 128]_learning_starts5000_lr0.0003_per_alpha0.6_per_beta_end1.0_per_beta_start0.4_per_beta_steps80000_target_update_freq500_seed42",42,50000,combined,-0.76,,264.87,,0.03238254249182335,,0.12,0.0,0.88,1.0,0.0,100
bobail,ddqn_per,"results/bobail/ddqn_per/batch_size64_buffer_capacity50000_epsilon_decay_steps100000_epsilon_end0.05_epsilon_start1.0_gamma0.99_hidden_layers[256, 128]_learning_starts5000_lr0.0003_per_alpha0.6_per_beta_end1.0_per_beta_start0.4_per_beta_steps80000_target_update_freq500_seed42",42,50000,p0,-0.8,0.6,190.56,223.1059981264511,0.032237161736647556,0.003777449037960034,0.1,0.0,0.9,1.0,0.0,50
bobail,ddqn_per,"results/bobail/ddqn_per/batch_size64_buffer_capacity50000_epsilon_decay_steps100000_epsilon_end0.05_epsilon_start1.0_gamma0.99_hidden_layers[256, 128]_learning_starts5000_lr0.0003_per_alpha0.6_per_beta_end1.0_per_beta_start0.4_per_beta_steps80000_target_update_freq500_seed42",42,50000,p1,-0.72,0.6939740629158988,339.18,326.25423767362776,0.03252792324699916,0.0051774497860138016,0.14,0.0,0.86,1.0,0.0,50
bobail,ddqn_per,"results/bobail/ddqn_per/batch_size64_buffer_capacity50000_epsilon_decay_steps80000_epsilon_end0.05_epsilon_start1.0_gamma0.99_hidden_layers[256, 128]_learning_starts5000_lr0.0001_per_alpha0.6_per_beta_end1.0_per_beta_start0.4_per_beta_steps80000_target_update_freq1000_seed123",123,1000,combined,-0.98,,39.8,,0.032522834154281074,,0.01,0.0,0.99,1.0,0.0,100
bobail,ddqn_per,"results/bobail/ddqn_per/batch_size64_buffer_capacity50000_epsilon_decay_steps80000_epsilon_end0.05_epsilon_start1.0_gamma0.99_hidden_layers[256, 128]_learning_starts5000_lr0.0001_per_alpha0.6_per_beta_end1.0_per_beta_start0.4_per_beta_steps80000_target_update_freq1000_seed123",123,1000,p0,-0.96,0.27999999999999997,51.18,29.866161454060343,0.03259719294467482,0.004248532611879988,0.02,0.0,0.98,1.0,0.0,50
bobail,ddqn_per,"results/bobail/ddqn_per/batch_size64_buffer_capacity50000_epsilon_decay_steps80000_epsilon_end0.05_epsilon_start1.0_gamma0.99_hidden_layers[256, 128]_learning_starts5000_lr0.0001_per_alpha0.6_per_beta_end1.0_per_beta_start0.4_per_beta_steps80000_target_update_freq1000_seed123",123,1000,p1,-1.0,0.0,28.42,24.534131327601553,0.03244847536388732,0.0027169330047718977,0.0,0.0,1.0,1.0,0.0,50
bobail,ddqn_per,"results/bobail/ddqn_per/batch_size64_buffer_capacity50000_epsilon_decay_steps80000_epsilon_end0.05_epsilon_start1.0_gamma0.99_hidden_layers[256, 128]_learning_starts5000_lr0.0001_per_alpha0.6_per_beta_end1.0_per_beta_start0.4_per_beta_steps80000_target_update_freq1000_seed123",123,10000,combined,-0.14,,327.37,,0.032155580979970004,,0.43,0.0,0.57,1.0,0.0,100
bobail,ddqn_per,"results/bobail/ddqn_per/batch_size64_buffer_capacity50000_epsilon_decay_steps80000_epsilon_end0.05_epsilon_start1.0_gamma0.99_hidden_layers[256, 128]_learning_starts5000_lr0.0001_per_alpha0.6_per_beta_end1.0_per_beta_start0.4_per_beta_steps80000_target_update_freq1000_seed123",123,10000,p0,-0.4,0.916515138991168,411.36,236.91253744789447,0.03215808696794154,0.004326090222828537,0.3,0.0,0.7,1.0,0.0,50
bobail,ddqn_per,"results/bobail/ddqn_per/batch_size64_buffer_capacity50000_epsilon_decay_steps80000_epsilon_end0.05_epsilon_start1.0_gamma0.99_hidden_layers[256, 128]_learning_starts5000_lr0.0001_per_alpha0.6_per_beta_end1.0_per_beta_start0.4_per_beta_steps80000_target_update_freq1000_seed123",123,10000,p1,0.12,0.9927738916792685,243.38,179.94431249695,0.03215307499199846,0.003885249856263674,0.56,0.0,0.44,1.0,0.0,50
bobail,ddqn_per,"results/bobail/ddqn_per/batch_size64_buffer_capacity50000_epsilon_decay_steps80000_epsilon_end0.05_epsilon_start1.0_gamma0.99_hidden_layers[256, 128]_learning_starts5000_lr0.0001_per_alpha0.6_per_beta_end1.0_per_beta_start0.4_per_beta_steps80000_target_update_freq1000_seed123",123,50000,combined,-0.4,,356.14,,0.0322222718933197,,0.3,0.0,0.7,1.0,0.0,100
bobail,ddqn_per,"results/bobail/ddqn_per/batch_size64_buffer_capacity50000_epsilon_decay_steps80000_epsilon_end0.05_epsilon_start1.0_gamma0.99_hidden_layers[256, 128]_learning_starts5000_lr0.0001_per_alpha0.6_per_beta_end1.0_per_beta_start0.4_per_beta_steps80000_target_update_freq1000_seed123",123,50000,p0,-0.32,0.9474175425861608,348.6,229.39651261516596,0.03227146993734785,0.004036267421059114,0.34,0.0,0.66,1.0,0.0,50
bobail,ddqn_per,"results/bobail/ddqn_per/batch_size64_buffer_capacity50000_epsilon_decay_steps80000_epsilon_end0.05_epsilon_start1.0_gamma0.99_hidden_layers[256, 128]_learning_starts5000_lr0.0001_per_alpha0.6_per_beta_end1.0_per_beta_start0.4_per_beta_steps80000_target_update_freq1000_seed123",123,50000,p1,-0.48,0.8772684879784524,363.68,259.70078475045085,0.03217307384929156,0.0038318567973519503,0.26,0.0,0.74,1.0,0.0,50
bobail,ddqn_per,"results/bobail/ddqn_per/batch_size64_buffer_capacity50000_epsilon_decay_steps80000_epsilon_end0.05_epsilon_start1.0_gamma0.99_hidden_layers[256, 128]_learning_starts5000_lr0.0001_per_alpha0.6_per_beta_end1.0_per_beta_start0.4_per_beta_steps80000_target_update_freq1000_seed123",123,100000,combined,-0.4,,482.49,,0.03248095113003994,,0.3,0.0,0.7,1.0,0.0,100
bobail,ddqn_per,"results/bobail/ddqn_per/batch_size64_buffer_capacity50000_epsilon_decay_steps80000_epsilon_end0.05_epsilon_start1.0_gamma0.99_hidden_layers[256, 128]_learning_starts5000_lr0.0001_per_alpha0.6_per_beta_end1.0_per_beta_start0.4_per_beta_steps80000_target_update_freq1000_seed123",123,100000,p0,-0.36,0.932952303175248,448.46,336.3558954440965,0.032307700417897635,0.004035213553276423,0.32,0.0,0.68,1.0,0.0,50
bobail,ddqn_per,"results/bobail/ddqn_per/batch_size64_buffer_capacity50000_epsilon_decay_steps80000_epsilon_end0.05_epsilon_start1.0_gamma0.99_hidden_layers[256, 128]_learning_starts5000_lr0.0001_per_alpha0.6_per_beta_end1.0_per_beta_start0.4_per_beta_steps80000_target_update_freq1000_seed123",123,100000,p1,-0.44,0.897997772825746,516.52,503.53090232874484,0.03265420184218225,0.006395373532995406,0.28,0.0,0.72,1.0,0.0,50
bobail,ddqn_per,"results/bobail/ddqn_per/batch_size64_buffer_capacity50000_epsilon_decay_steps80000_epsilon_end0.05_epsilon_start1.0_gamma0.99_hidden_layers[256, 128]_learning_starts5000_lr0.0001_per_alpha0.6_per_beta_end1.0_per_beta_start0.4_per_beta_steps80000_target_update_freq1000_seed42",42,1000,combined,-0.9,,35.82,,0.03258441658832855,,0.05,0.0,0.95,1.0,0.0,100
bobail,ddqn_per,"results/bobail/ddqn_per/batch_size64_buffer_capacity50000_epsilon_decay_steps80000_epsilon_end0.05_epsilon_start1.0_gamma0.99_hidden_layers[256, 128]_learning_starts5000_lr0.0001_per_alpha0.6_per_beta_end1.0_per_beta_start0.4_per_beta_steps80000_target_update_freq1000_seed42",42,1000,p0,-0.96,0.27999999999999997,35.32,21.134275478473352,0.03292648167067787,0.00594042080732943,0.02,0.0,0.98,1.0,0.0,50
bobail,ddqn_per,"results/bobail/ddqn_per/batch_size64_buffer_capacity50000_epsilon_decay_steps80000_epsilon_end0.05_epsilon_start1.0_gamma0.99_hidden_layers[256, 128]_learning_starts5000_lr0.0001_per_alpha0.6_per_beta_end1.0_per_beta_start0.4_per_beta_steps80000_target_update_freq1000_seed42",42,1000,p1,-0.84,0.5425863986500215,36.32,25.672896213711457,0.03224235150597924,0.0034557532518925344,0.08,0.0,0.92,1.0,0.0,50
bobail,ddqn_per,"results/bobail/ddqn_per/batch_size64_buffer_capacity50000_epsilon_decay_steps80000_epsilon_end0.05_epsilon_start1.0_gamma0.99_hidden_layers[256, 128]_learning_starts5000_lr0.0001_per_alpha0.6_per_beta_end1.0_per_beta_start0.4_per_beta_steps80000_target_update_freq1000_seed42",42,10000,combined,-0.86,,275.49,,0.032219457034557475,,0.07,0.0,0.93,1.0,0.0,100
bobail,ddqn_per,"results/bobail/ddqn_per/batch_size64_buffer_capacity50000_epsilon_decay_steps80000_epsilon_end0.05_epsilon_start1.0_gamma0.99_hidden_layers[256, 128]_learning_starts5000_lr0.0001_per_alpha0.6_per_beta_end1.0_per_beta_start0.4_per_beta_steps80000_target_update_freq1000_seed42",42,10000,p0,-0.84,0.5425863986500213,218.9,166.38151940645332,0.03168299207674867,0.003069182248287528,0.08,0.0,0.92,1.0,0.0,50
bobail,ddqn_per,"results/bobail/ddqn_per/batch_size64_buffer_capacity50000_epsilon_decay_steps80000_epsilon_end0.05_epsilon_start1.0_gamma0.99_hidden_layers[256, 128]_learning_starts5000_lr0.0001_per_alpha0.6_per_beta_end1.0_per_beta_start0.4_per_beta_steps80000_target_update_freq1000_seed42",42,10000,p1,-0.88,0.4749736834815167,332.08,290.2173557870032,0.03275592199236629,0.0052527192496977125,0.06,0.0,0.94,1.0,0.0,50
bobail,ddqn_per,"results/bobail/ddqn_per/batch_size64_buffer_capacity50000_epsilon_decay_steps80000_epsilon_end0.05_epsilon_start1.0_gamma0.99_hidden_layers[256, 128]_learning_starts5000_lr0.0001_per_alpha0.6_per_beta_end1.0_per_beta_start0.4_per_beta_steps80000_target_update_freq1000_seed42",42,50000,combined,-0.78,,301.66,,0.0324794467429897,,0.11,0.0,0.89,1.0,0.0,100
bobail,ddqn_per,"results/bobail/ddqn_per/batch_size64_buffer_capacity50000_epsilon_decay_steps80000_epsilon_end0.05_epsilon_start1.0_gamma0.99_hidden_layers[256, 128]_learning_starts5000_lr0.0001_per_alpha0.6_per_beta_end1.0_per_beta_start0.4_per_beta_steps80000_target_update_freq1000_seed42",42,50000,p0,-0.8,0.6,265.24,176.82574020769712,0.032632923016473234,0.004634691534643032,0.1,0.0,0.9,1.0,0.0,50
bobail,ddqn_per,"results/bobail/ddqn_per/batch_size64_buffer_capacity50000_epsilon_decay_steps80000_epsilon_end0.05_epsilon_start1.0_gamma0.99_hidden_layers[256, 128]_learning_starts5000_lr0.0001_per_alpha0.6_per_beta_end1.0_per_beta_start0.4_per_beta_steps80000_target_update_freq1000_seed42",42,50000,p1,-0.76,0.6499230723708768,338.08,334.1075180237643,0.032325970469506166,0.0034129721333705097,0.12,0.0,0.88,1.0,0.0,50
bobail,ddqn_per,"results/bobail/ddqn_per/batch_size64_buffer_capacity50000_epsilon_decay_steps80000_epsilon_end0.05_epsilon_start1.0_gamma0.99_hidden_layers[256, 128]_learning_starts5000_lr0.0001_per_alpha0.6_per_beta_end1.0_per_beta_start0.4_per_beta_steps80000_target_update_freq1000_seed42",42,100000,combined,-0.76,,343.58,,0.03417788226096015,,0.12,0.0,0.88,1.0,0.0,100
bobail,ddqn_per,"results/bobail/ddqn_per/batch_size64_buffer_capacity50000_epsilon_decay_steps80000_epsilon_end0.05_epsilon_start1.0_gamma0.99_hidden_layers[256, 128]_learning_starts5000_lr0.0001_per_alpha0.6_per_beta_end1.0_per_beta_start0.4_per_beta_steps80000_target_update_freq1000_seed42",42,100000,p0,-0.72,0.6939740629158988,292.96,176.9062983615903,0.0340640698537962,0.02244075631785699,0.14,0.0,0.86,1.0,0.0,50
bobail,ddqn_per,"results/bobail/ddqn_per/batch_size64_buffer_capacity50000_epsilon_decay_steps80000_epsilon_end0.05_epsilon_start1.0_gamma0.99_hidden_layers[256, 128]_learning_starts5000_lr0.0001_per_alpha0.6_per_beta_end1.0_per_beta_start0.4_per_beta_steps80000_target_update_freq1000_seed42",42,100000,p1,-0.8,0.6,394.2,341.68248418670805,0.03429169466812409,0.009345301046109885,0.1,0.0,0.9,1.0,0.0,50
bobail,dqn,"results/bobail/dqn/batch_size64_buffer_capacity50000_epsilon_decay_steps100000_epsilon_end0.05_epsilon_start1.0_gamma0.99_hidden_layers[256, 128]_lr0.0005_target_update_freq500_seed42",42,1000,combined,-1.0,,49.44,,0.035938378078431164,,0.0,0.0,1.0,1.0,0.0,100
bobail,dqn,"results/bobail/dqn/batch_size64_buffer_capacity50000_epsilon_decay_steps100000_epsilon_end0.05_epsilon_start1.0_gamma0.99_hidden_layers[256, 128]_lr0.0005_target_update_freq500_seed42",42,1000,p0,-1.0,0.0,49.6,48.380161223377506,0.036185357349759514,0.011146302349886303,0.0,0.0,1.0,1.0,0.0,50
bobail,dqn,"results/bobail/dqn/batch_size64_buffer_capacity50000_epsilon_decay_steps100000_epsilon_end0.05_epsilon_start1.0_gamma0.99_hidden_layers[256, 128]_lr0.0005_target_update_freq500_seed42",42,1000,p1,-1.0,0.0,49.28,33.07629967212173,0.035691398807102814,0.009996408806092347,0.0,0.0,1.0,1.0,0.0,50
bobail,dqn,"results/bobail/dqn/batch_size64_buffer_capacity50000_epsilon_decay_steps100000_epsilon_end0.05_epsilon_start1.0_gamma0.99_hidden_layers[256, 128]_lr0.0005_target_update_freq500_seed42",42,10000,combined,-0.7,,392.86,,0.0338547273580099,,0.15,0.0,0.85,1.0,0.0,100
bobail,dqn,"results/bobail/dqn/batch_size64_buffer_capacity50000_epsilon_decay_steps100000_epsilon_end0.05_epsilon_start1.0_gamma0.99_hidden_layers[256, 128]_lr0.0005_target_update_freq500_seed42",42,10000,p0,-0.68,0.7332121111929345,277.14,201.401291952162,0.033568895100166925,0.006060587179610722,0.16,0.0,0.84,1.0,0.0,50
bobail,dqn,"results/bobail/dqn/batch_size64_buffer_capacity50000_epsilon_decay_steps100000_epsilon_end0.05_epsilon_start1.0_gamma0.99_hidden_layers[256, 128]_lr0.0005_target_update_freq500_seed42",42,10000,p1,-0.72,0.6939740629158988,508.58,430.86921867313754,0.03414055961585288,0.00669767479203343,0.14,0.0,0.86,1.0,0.0,50
bobail,dqn,"results/bobail/dqn/batch_size64_buffer_capacity50000_epsilon_decay_steps100000_epsilon_end0.05_epsilon_start1.0_gamma0.99_hidden_layers[256, 128]_lr0.0005_target_update_freq500_seed42",42,50000,combined,-0.7,,274.59,,0.03336671906304243,,0.15,0.0,0.85,1.0,0.0,100
bobail,dqn,"results/bobail/dqn/batch_size64_buffer_capacity50000_epsilon_decay_steps100000_epsilon_end0.05_epsilon_start1.0_gamma0.99_hidden_layers[256, 128]_lr0.0005_target_update_freq500_seed42",42,50000,p0,-0.56,0.8284926070883192,228.76,210.8671202440058,0.03265275855523113,0.004505733566513102,0.22,0.0,0.78,1.0,0.0,50
bobail,dqn,"results/bobail/dqn/batch_size64_buffer_capacity50000_epsilon_decay_steps100000_epsilon_end0.05_epsilon_start1.0_gamma0.99_hidden_layers[256, 128]_lr0.0005_target_update_freq500_seed42",42,50000,p1,-0.84,0.5425863986500213,320.42,250.19704954295523,0.03408067957085374,0.014765826513427558,0.08,0.0,0.92,1.0,0.0,50
bobail,dqn,"results/bobail/dqn/batch_size64_buffer_capacity50000_epsilon_decay_steps80000_epsilon_end0.05_epsilon_start1.0_gamma0.99_hidden_layers[256, 128]_lr0.0001_target_update_freq1000_seed123",123,1000,combined,-0.86,,145.98,,0.03371014980702938,,0.07,0.0,0.93,1.0,0.0,100
bobail,dqn,"results/bobail/dqn/batch_size64_buffer_capacity50000_epsilon_decay_steps80000_epsilon_end0.05_epsilon_start1.0_gamma0.99_hidden_layers[256, 128]_lr0.0001_target_update_freq1000_seed123",123,1000,p0,-0.84,0.5425863986500215,143.84,127.9042391791609,0.03413091187968278,0.007150519610836446,0.08,0.0,0.92,1.0,0.0,50
bobail,dqn,"results/bobail/dqn/batch_size64_buffer_capacity50000_epsilon_decay_steps80000_epsilon_end0.05_epsilon_start1.0_gamma0.99_hidden_layers[256, 128]_lr0.0001_target_update_freq1000_seed123",123,1000,p1,-0.88,0.4749736834815167,148.12,114.2778438718547,0.03328938773437598,0.006221578451135135,0.06,0.0,0.94,1.0,0.0,50
bobail,dqn,"results/bobail/dqn/batch_size64_buffer_capacity50000_epsilon_decay_steps80000_epsilon_end0.05_epsilon_start1.0_gamma0.99_hidden_layers[256, 128]_lr0.0001_target_update_freq1000_seed123",123,10000,combined,-0.48,,408.9,,0.03272259974220252,,0.26,0.0,0.74,1.0,0.0,100
bobail,dqn,"results/bobail/dqn/batch_size64_buffer_capacity50000_epsilon_decay_steps80000_epsilon_end0.05_epsilon_start1.0_gamma0.99_hidden_layers[256, 128]_lr0.0001_target_update_freq1000_seed123",123,10000,p0,-0.36,0.932952303175248,351.28,292.4672316687803,0.03275754135047954,0.004422434808783365,0.32,0.0,0.68,1.0,0.0,50
bobail,dqn,"results/bobail/dqn/batch_size64_buffer_capacity50000_epsilon_decay_steps80000_epsilon_end0.05_epsilon_start1.0_gamma0.99_hidden_layers[256, 128]_lr0.0001_target_update_freq1000_seed123",123,10000,p1,-0.6,0.8,466.52,418.306693228784,0.0326876581339255,0.0039924086945230895,0.2,0.0,0.8,1.0,0.0,50
bobail,dqn,"results/bobail/dqn/batch_size64_buffer_capacity50000_epsilon_decay_steps80000_epsilon_end0.05_epsilon_start1.0_gamma0.99_hidden_layers[256, 128]_lr0.0001_target_update_freq1000_seed123",123,50000,combined,-0.38,,373.03,,0.03262098868401457,,0.31,0.0,0.69,1.0,0.0,100
bobail,dqn,"results/bobail/dqn/batch_size64_buffer_capacity50000_epsilon_decay_steps80000_epsilon_end0.05_epsilon_start1.0_gamma0.99_hidden_layers[256, 128]_lr0.0001_target_update_freq1000_seed123",123,50000,p0,-0.24,0.9707728879609278,305.44,273.20359880499376,0.032482818008437706,0.003292264300729438,0.38,0.0,0.62,1.0,0.0,50
bobail,dqn,"results/bobail/dqn/batch_size64_buffer_capacity50000_epsilon_decay_steps80000_epsilon_end0.05_epsilon_start1.0_gamma0.99_hidden_layers[256, 128]_lr0.0001_target_update_freq1000_seed123",123,50000,p1,-0.52,0.854166260162505,440.62,365.22945609575356,0.03275915935959144,0.004037633400442726,0.24,0.0,0.76,1.0,0.0,50
bobail,dqn,"results/bobail/dqn/batch_size64_buffer_capacity50000_epsilon_decay_steps80000_epsilon_end0.05_epsilon_start1.0_gamma0.99_hidden_layers[256, 128]_lr0.0001_target_update_freq1000_seed123",123,100000,combined,-0.4,,338.92,,0.03291963303924787,,0.3,0.0,0.7,1.0,0.0,100
bobail,dqn,"results/bobail/dqn/batch_size64_buffer_capacity50000_epsilon_decay_steps80000_epsilon_end0.05_epsilon_start1.0_gamma0.99_hidden_layers[256, 128]_lr0.0001_target_update_freq1000_seed123",123,100000,p0,-0.28,0.96,280.06,324.99288669138593,0.032280923424142564,0.0035545799578808926,0.36,0.0,0.64,1.0,0.0,50
bobail,dqn,"results/bobail/dqn/batch_size64_buffer_capacity50000_epsilon_decay_steps80000_epsilon_end0.05_epsilon_start1.0_gamma0.99_hidden_layers[256, 128]_lr0.0001_target_update_freq1000_seed123",123,100000,p1,-0.52,0.854166260162505,397.78,295.8147589286241,0.03355834265435319,0.0035651106171515666,0.24,0.0,0.76,1.0,0.0,50
bobail,dqn,"results/bobail/dqn/batch_size64_buffer_capacity50000_epsilon_decay_steps80000_epsilon_end0.05_epsilon_start1.0_gamma0.99_hidden_layers[256, 128]_lr0.0001_target_update_freq1000_seed42",42,1000,combined,-0.92,,208.71,,0.03183343966539763,,0.04,0.0,0.96,1.0,0.0,100
bobail,dqn,"results/bobail/dqn/batch_size64_buffer_capacity50000_epsilon_decay_steps80000_epsilon_end0.05_epsilon_start1.0_gamma0.99_hidden_layers[256, 128]_lr0.0001_target_update_freq1000_seed42",42,1000,p0,-0.96,0.27999999999999997,196.46,201.69196414334408,0.03197227343078684,0.0036455250290991894,0.02,0.0,0.98,1.0,0.0,50
bobail,dqn,"results/bobail/dqn/batch_size64_buffer_capacity50000_epsilon_decay_steps80000_epsilon_end0.05_epsilon_start1.0_gamma0.99_hidden_layers[256, 128]_lr0.0001_target_update_freq1000_seed42",42,1000,p1,-0.88,0.4749736834815167,220.96,195.81848329511695,0.03169460590000842,0.0035629575096152058,0.06,0.0,0.94,1.0,0.0,50
bobail,dqn,"results/bobail/dqn/batch_size64_buffer_capacity50000_epsilon_decay_steps80000_epsilon_end0.05_epsilon_start1.0_gamma0.99_hidden_layers[256, 128]_lr0.0001_target_update_freq1000_seed42",42,10000,combined,-0.68,,435.09,,0.033374097822240115,,0.16,0.0,0.84,1.0,0.0,100
bobail,dqn,"results/bobail/dqn/batch_size64_buffer_capacity50000_epsilon_decay_steps80000_epsilon_end0.05_epsilon_start1.0_gamma0.99_hidden_layers[256, 128]_lr0.0001_target_update_freq1000_seed42",42,10000,p0,-0.6,0.8,436.76,375.9475793245649,0.03301701569772935,0.005846893019337274,0.2,0.0,0.8,1.0,0.0,50
bobail,dqn,"results/bobail/dqn/batch_size64_buffer_capacity50000_epsilon_decay_steps80000_epsilon_end0.05_epsilon_start1.0_gamma0.99_hidden_layers[256, 128]_lr0.0001_target_update_freq1000_seed42",42,10000,p1,-0.76,0.6499230723708768,433.42,383.04250886814117,0.03373117994675088,0.023140163246697466,0.12,0.0,0.88,1.0,0.0,50
bobail,dqn,"results/bobail/dqn/batch_size64_buffer_capacity50000_epsilon_decay_steps80000_epsilon_end0.05_epsilon_start1.0_gamma0.99_hidden_layers[256, 128]_lr0.0001_target_update_freq1000_seed42",42,50000,combined,-0.56,,337.38,,0.033019484817608864,,0.22,0.0,0.78,1.0,0.0,100
bobail,dqn,"results/bobail/dqn/batch_size64_buffer_capacity50000_epsilon_decay_steps80000_epsilon_end0.05_epsilon_start1.0_gamma0.99_hidden_layers[256, 128]_lr0.0001_target_update_freq1000_seed42",42,50000,p0,-0.64,0.7683749084919419,317.56,304.3536863584865,0.032096433469865376,0.0030523028674524703,0.18,0.0,0.82,1.0,0.0,50
bobail,dqn,"results/bobail/dqn/batch_size64_buffer_capacity50000_epsilon_decay_steps80000_epsilon_end0.05_epsilon_start1.0_gamma0.99_hidden_layers[256, 128]_lr0.0001_target_update_freq1000_seed42",42,50000,p1,-0.48,0.8772684879784524,357.2,281.9975177195714,0.03394253616535235,0.004069752083700109,0.26,0.0,0.74,1.0,0.0,50
bobail,dqn,"results/bobail/dqn/batch_size64_buffer_capacity50000_epsilon_decay_steps80000_epsilon_end0.05_epsilon_start1.0_gamma0.99_hidden_layers[256, 128]_lr0.0001_target_update_freq1000_seed42",42,100000,combined,-0.66,,271.61,,0.03234168518691658,,0.17,0.0,0.83,1.0,0.0,100
bobail,dqn,"results/bobail/dqn/batch_size64_buffer_capacity50000_epsilon_decay_steps80000_epsilon_end0.05_epsilon_start1.0_gamma0.99_hidden_layers[256, 128]_lr0.0001_target_update_freq1000_seed42",42,100000,p0,-0.72,0.6939740629158988,315.92,224.8020320192858,0.03223372419593896,0.003217193115038576,0.14,0.0,0.86,1.0,0.0,50
bobail,dqn,"results/bobail/dqn/batch_size64_buffer_capacity50000_epsilon_decay_steps80000_epsilon_end0.05_epsilon_start1.0_gamma0.99_hidden_layers[256, 128]_lr0.0001_target_update_freq1000_seed42",42,100000,p1,-0.6,0.8,227.3,209.03380109446414,0.032449646177894205,0.005004785246514724,0.2,0.0,0.8,1.0,0.0,50
bobail,tabular_q,results/bobail/tabular_q/epsilon_decay_steps30000_epsilon_end0.05_epsilon_start1.0_gamma0.99_lr0.1_seed42,42,1000,combined,0.24,,13.4,,0.003753399034333192,,0.62,0.0,0.38,1.0,0.0,100
bobail,tabular_q,results/bobail/tabular_q/epsilon_decay_steps30000_epsilon_end0.05_epsilon_start1.0_gamma0.99_lr0.1_seed42,42,1000,p0,0.44,0.8979977728257459,16.16,12.124949484430852,0.004029806990333197,0.0025259980730285413,0.72,0.0,0.28,1.0,0.0,50
bobail,tabular_q,results/bobail/tabular_q/epsilon_decay_steps30000_epsilon_end0.05_epsilon_start1.0_gamma0.99_lr0.1_seed42,42,1000,p1,0.04,0.9991996797437438,10.64,5.591994277536414,0.003476991078333187,0.0012931899910363608,0.52,0.0,0.48,1.0,0.0,50
bobail,tabular_q,results/bobail/tabular_q/epsilon_decay_steps30000_epsilon_end0.05_epsilon_start1.0_gamma0.99_lr0.1_seed42,42,5000,combined,0.12,,10.69,,0.0035694486634677814,,0.56,0.0,0.44,1.0,0.0,100
bobail,tabular_q,results/bobail/tabular_q/epsilon_decay_steps30000_epsilon_end0.05_epsilon_start1.0_gamma0.99_lr0.1_seed42,42,5000,p0,0.48,0.8772684879784524,11.58,8.944473153853165,0.0038099745900779447,0.001276557063993969,0.74,0.0,0.26,1.0,0.0,50
bobail,tabular_q,results/bobail/tabular_q/epsilon_decay_steps30000_epsilon_end0.05_epsilon_start1.0_gamma0.99_lr0.1_seed42,42,5000,p1,-0.24,0.9707728879609278,9.8,7.389181280764467,0.0033289227368576185,0.0010758285546060367,0.38,0.0,0.62,1.0,0.0,50
bobail,tabular_q,results/bobail/tabular_q/epsilon_decay_steps30000_epsilon_end0.05_epsilon_start1.0_gamma0.99_lr0.1_seed42,42,10000,combined,0.22,,11.06,,0.004605101346581023,,0.61,0.0,0.39,1.0,0.0,100
bobail,tabular_q,results/bobail/tabular_q/epsilon_decay_steps30000_epsilon_end0.05_epsilon_start1.0_gamma0.99_lr0.1_seed42,42,10000,p0,0.68,0.7332121111929345,11.84,9.396509990416654,0.0051213385115654484,0.0021061539827719085,0.84,0.0,0.16,1.0,0.0,50
bobail,tabular_q,results/bobail/tabular_q/epsilon_decay_steps30000_epsilon_end0.05_epsilon_start1.0_gamma0.99_lr0.1_seed42,42,10000,p1,-0.24,0.9707728879609278,10.28,5.946562031964352,0.004088864181596597,0.0015820638808273148,0.38,0.0,0.62,1.0,0.0,50
bobail,tabular_q,results/bobail/tabular_q/epsilon_decay_steps80000_epsilon_end0.05_epsilon_start1.0_gamma0.99_lr0.1_seed123,123,1000,combined,0.18,,12.3,,0.0037896128806510975,,0.59,0.0,0.41,1.0,0.0,100
bobail,tabular_q,results/bobail/tabular_q/epsilon_decay_steps80000_epsilon_end0.05_epsilon_start1.0_gamma0.99_lr0.1_seed123,123,1000,p0,0.48,0.8772684879784524,12.84,9.313130515567792,0.004127838342766803,0.0016779823986317625,0.74,0.0,0.26,1.0,0.0,50
bobail,tabular_q,results/bobail/tabular_q/epsilon_decay_steps80000_epsilon_end0.05_epsilon_start1.0_gamma0.99_lr0.1_seed123,123,1000,p1,-0.12,0.9927738916792685,11.76,9.437287745957521,0.0034513874185353923,0.0010267344782200968,0.44,0.0,0.56,1.0,0.0,50
bobail,tabular_q,results/bobail/tabular_q/epsilon_decay_steps80000_epsilon_end0.05_epsilon_start1.0_gamma0.99_lr0.1_seed123,123,5000,combined,0.24,,11.2,,0.0035981068682269034,,0.62,0.0,0.38,1.0,0.0,100
bobail,tabular_q,results/bobail/tabular_q/epsilon_decay_steps80000_epsilon_end0.05_epsilon_start1.0_gamma0.99_lr0.1_seed123,123,5000,p0,0.64,0.7683749084919419,11.16,8.891254129761448,0.003503314861994384,0.001106389502191447,0.82,0.0,0.18,1.0,0.0,50
bobail,tabular_q,results/bobail/tabular_q/epsilon_decay_steps80000_epsilon_end0.05_epsilon_start1.0_gamma0.99_lr0.1_seed123,123,5000,p1,-0.16,0.9871170143402451,11.24,5.753468519076123,0.0036928988744594237,0.0016982692411857993,0.42,0.0,0.58,1.0,0.0,50
bobail,tabular_q,results/bobail/tabular_q/epsilon_decay_steps80000_epsilon_end0.05_epsilon_start1.0_gamma0.99_lr0.1_seed123,123,10000,combined,0.32,,10.48,,0.003717013590046138,,0.66,0.0,0.34,1.0,0.0,100
bobail,tabular_q,results/bobail/tabular_q/epsilon_decay_steps80000_epsilon_end0.05_epsilon_start1.0_gamma0.99_lr0.1_seed123,123,10000,p0,0.68,0.7332121111929345,8.96,8.335370417683908,0.0039216541024091256,0.0014345365635942279,0.84,0.0,0.16,1.0,0.0,50
bobail,tabular_q,results/bobail/tabular_q/epsilon_decay_steps80000_epsilon_end0.05_epsilon_start1.0_gamma0.99_lr0.1_seed123,123,10000,p1,-0.04,0.9991996797437437,12.0,5.932958789676531,0.0035123730776831508,0.00122756626116479,0.48,0.0,0.52,1.0,0.0,50
bobail,tabular_q,results/bobail/tabular_q/epsilon_decay_steps80000_epsilon_end0.05_epsilon_start1.0_gamma0.99_lr0.1_seed123,123,50000,combined,0.44,,11.56,,0.004038570759387847,,0.72,0.0,0.28,1.0,0.0,100
bobail,tabular_q,results/bobail/tabular_q/epsilon_decay_steps80000_epsilon_end0.05_epsilon_start1.0_gamma0.99_lr0.1_seed123,123,50000,p0,0.76,0.6499230723708769,10.64,9.85851915857549,0.004692633568022147,0.0021121773096071596,0.88,0.0,0.12,1.0,0.0,50
bobail,tabular_q,results/bobail/tabular_q/epsilon_decay_steps80000_epsilon_end0.05_epsilon_start1.0_gamma0.99_lr0.1_seed123,123,50000,p1,0.12,0.9927738916792685,12.48,7.5742722422685596,0.0033845079507535463,0.0006897293686922966,0.56,0.0,0.44,1.0,0.0,50
bobail,tabular_q,results/bobail/tabular_q/epsilon_decay_steps80000_epsilon_end0.05_epsilon_start1.0_gamma0.99_lr0.1_seed123,123,100000,combined,0.44,,9.4,,0.0037340437907861547,,0.72,0.0,0.28,1.0,0.0,100
bobail,tabular_q,results/bobail/tabular_q/epsilon_decay_steps80000_epsilon_end0.05_epsilon_start1.0_gamma0.99_lr0.1_seed123,123,100000,p0,0.72,0.6939740629158988,7.88,5.843423653989158,0.0040778461229150674,0.0015329408372824543,0.86,0.0,0.14,1.0,0.0,50
bobail,tabular_q,results/bobail/tabular_q/epsilon_decay_steps80000_epsilon_end0.05_epsilon_start1.0_gamma0.99_lr0.1_seed123,123,100000,p1,0.16,0.9871170143402451,10.92,7.3016162594318805,0.003390241458657242,0.000859664073023287,0.58,0.0,0.42,1.0,0.0,50
bobail,tabular_q,results/bobail/tabular_q/epsilon_decay_steps80000_epsilon_end0.05_epsilon_start1.0_gamma0.99_lr0.1_seed42,42,1000,combined,0.32,,13.16,,0.0036724298498247744,,0.66,0.0,0.34,1.0,0.0,100
bobail,tabular_q,results/bobail/tabular_q/epsilon_decay_steps80000_epsilon_end0.05_epsilon_start1.0_gamma0.99_lr0.1_seed42,42,1000,p0,0.64,0.7683749084919419,12.84,8.314709856633604,0.004137970283743563,0.002030934173946815,0.82,0.0,0.18,1.0,0.0,50
bobail,tabular_q,results/bobail/tabular_q/epsilon_decay_steps80000_epsilon_end0.05_epsilon_start1.0_gamma0.99_lr0.1_seed42,42,1000,p1,0.0,1.0,13.48,10.125690099938867,0.003206889415905985,0.0007541539074072678,0.5,0.0,0.5,1.0,0.0,50
bobail,tabular_q,results/bobail/tabular_q/epsilon_decay_steps80000_epsilon_end0.05_epsilon_start1.0_gamma0.99_lr0.1_seed42,42,5000,combined,0.22,,11.46,,0.003758953147159674,,0.61,0.0,0.39,1.0,0.0,100
bobail,tabular_q,results/bobail/tabular_q/epsilon_decay_steps80000_epsilon_end0.05_epsilon_start1.0_gamma0.99_lr0.1_seed42,42,5000,p0,0.44,0.8979977728257459,11.52,9.462008243496728,0.0037143996046830174,0.001644380359485393,0.72,0.0,0.28,1.0,0.0,50
bobail,tabular_q,results/bobail/tabular_q/epsilon_decay_steps80000_epsilon_end0.05_epsilon_start1.0_gamma0.99_lr0.1_seed42,42,5000,p1,0.0,1.0,11.4,8.219489035213806,0.0038035066896363306,0.0019840687628396927,0.5,0.0,0.5,1.0,0.0,50
bobail,tabular_q,results/bobail/tabular_q/epsilon_decay_steps80000_epsilon_end0.05_epsilon_start1.0_gamma0.99_lr0.1_seed42,42,10000,combined,0.28,,12.96,,0.003437943488761498,,0.64,0.0,0.36,1.0,0.0,100
bobail,tabular_q,results/bobail/tabular_q/epsilon_decay_steps80000_epsilon_end0.05_epsilon_start1.0_gamma0.99_lr0.1_seed42,42,10000,p0,0.44,0.8979977728257459,11.28,8.852208763918753,0.0036477576941251755,0.0009299250401153117,0.72,0.0,0.28,1.0,0.0,50
bobail,tabular_q,results/bobail/tabular_q/epsilon_decay_steps80000_epsilon_end0.05_epsilon_start1.0_gamma0.99_lr0.1_seed42,42,10000,p1,0.12,0.9927738916792685,14.64,10.884410870598371,0.0032281292833978197,0.00046585517693198945,0.56,0.0,0.44,1.0,0.0,50
bobail,tabular_q,results/bobail/tabular_q/epsilon_decay_steps80000_epsilon_end0.05_epsilon_start1.0_gamma0.99_lr0.1_seed42,42,50000,combined,0.4,,11.48,,0.0039772921005914955,,0.7,0.0,0.3,1.0,0.0,100
bobail,tabular_q,results/bobail/tabular_q/epsilon_decay_steps80000_epsilon_end0.05_epsilon_start1.0_gamma0.99_lr0.1_seed42,42,50000,p0,0.72,0.6939740629158988,10.92,9.618399035182518,0.0038701120248889965,0.0015512696435211217,0.86,0.0,0.14,1.0,0.0,50
bobail,tabular_q,results/bobail/tabular_q/epsilon_decay_steps80000_epsilon_end0.05_epsilon_start1.0_gamma0.99_lr0.1_seed42,42,50000,p1,0.08,0.9967948635501691,12.04,8.347358863736481,0.004084472176293995,0.0018661747464362422,0.54,0.0,0.46,1.0,0.0,50
bobail,tabular_q,results/bobail/tabular_q/epsilon_decay_steps80000_epsilon_end0.05_epsilon_start1.0_gamma0.99_lr0.1_seed42,42,100000,combined,0.34,,10.94,,0.003613001041937573,,0.67,0.0,0.33,1.0,0.0,100
bobail,tabular_q,results/bobail/tabular_q/epsilon_decay_steps80000_epsilon_end0.05_epsilon_start1.0_gamma0.99_lr0.1_seed42,42,100000,p0,0.8,0.6,10.52,8.492914694025838,0.00395930125183309,0.002008069634030757,0.9,0.0,0.1,1.0,0.0,50
bobail,tabular_q,results/bobail/tabular_q/epsilon_decay_steps80000_epsilon_end0.05_epsilon_start1.0_gamma0.99_lr0.1_seed42,42,100000,p1,-0.12,0.9927738916792685,11.36,5.461721340383451,0.003266700832042056,0.0008238515138953206,0.44,0.0,0.56,1.0,0.0,50
grid_world,ddqn,"results/grid_world/ddqn/batch_size64_buffer_capacity10000_epsilon_decay_steps20000_epsilon_end0.01_epsilon_start1.0_gamma0.99_hidden_layers[64, 64]_lr0.0003_target_update_freq200_seed123",123,1000,single,0.0,0.0,10000.0,0.0,0.02302990392793436,0.0046247891781494065,,,,0.0,1.0,100
grid_world,ddqn,"results/grid_world/ddqn/batch_size64_buffer_capacity10000_epsilon_decay_steps20000_epsilon_end0.01_epsilon_start1.0_gamma0.99_hidden_layers[64, 64]_lr0.0003_target_update_freq200_seed123",123,10000,single,1.0,0.0,8.0,0.0,0.023266395801329054,0.0037258999539441988,,,,1.0,0.0,100
grid_world,ddqn,"results/grid_world/ddqn/batch_size64_buffer_capacity10000_epsilon_decay_steps20000_epsilon_end0.01_epsilon_start1.0_gamma0.99_hidden_layers[64, 64]_lr0.0003_target_update_freq200_seed123",123,50000,single,0.0,0.0,10000.0,0.0,0.02291732925380347,0.004949788884634046,,,,0.0,1.0,100
grid_world,ddqn,"results/grid_world/ddqn/batch_size64_buffer_capacity10000_epsilon_decay_steps20000_epsilon_end0.01_epsilon_start1.0_gamma0.99_hidden_layers[64, 64]_lr0.0003_target_update_freq200_seed123",123,100000,single,0.0,0.0,10000.0,0.0,0.02300546225014841,0.0030839184154259932,,,,0.0,1.0,100
grid_world,ddqn,"results/grid_world/ddqn/batch_size64_buffer_capacity10000_epsilon_decay_steps20000_epsilon_end0.01_epsilon_start1.0_gamma0.99_hidden_layers[64, 64]_lr0.0003_target_update_freq200_seed42",42,1000,single,1.0,0.0,8.0,0.0,0.023331870761467144,0.005023033135442015,,,,1.0,0.0,100
grid_world,ddqn,"results/grid_world/ddqn/batch_size64_buffer_capacity10000_epsilon_decay_steps20000_epsilon_end0.01_epsilon_start1.0_gamma0.99_hidden_layers[64, 64]_lr0.0003_target_update_freq200_seed42",42,10000,single,1.0,0.0,8.0,0.0,0.023084460844984278,0.0049289545359733405,,,,1.0,0.0,100
grid_world,ddqn,"results/grid_world/ddqn/batch_size64_buffer_capacity10000_epsilon_decay_steps20000_epsilon_end0.01_epsilon_start1.0_gamma0.99_hidden_layers[64, 64]_lr0.0003_target_update_freq200_seed42",42,50000,single,0.0,0.0,10000.0,0.0,0.023160064328520094,0.00651870481349959,,,,0.0,1.0,100
grid_world,ddqn,"results/grid_world/ddqn/batch_size64_buffer_capacity10000_epsilon_decay_steps20000_epsilon_end0.01_epsilon_start1.0_gamma0.99_hidden_layers[64, 64]_lr0.0003_target_update_freq200_seed42",42,100000,single,0.0,0.0,10000.0,0.0,0.023111622714204715,0.003639827633788599,,,,0.0,1.0,100
grid_world,ddqn,"results/grid_world/ddqn/batch_size64_buffer_capacity10000_epsilon_decay_steps20000_epsilon_end0.01_epsilon_start1.0_gamma0.99_hidden_layers[64, 64]_lr0.001_target_update_freq200_seed42",42,1000,single,1.0,0.0,8.0,0.0,0.02333319942408707,0.003642834577961945,,,,1.0,0.0,100
grid_world,ddqn,"results/grid_world/ddqn/batch_size64_buffer_capacity10000_epsilon_decay_steps20000_epsilon_end0.01_epsilon_start1.0_gamma0.99_hidden_layers[64, 64]_lr0.001_target_update_freq200_seed42",42,10000,single,1.0,0.0,8.0,0.0,0.023807970283087343,0.004735145311386254,,,,1.0,0.0,100
grid_world,ddqn,"results/grid_world/ddqn/batch_size64_buffer_capacity10000_epsilon_decay_steps20000_epsilon_end0.01_epsilon_start1.0_gamma0.99_hidden_layers[64, 64]_lr0.001_target_update_freq200_seed42",42,50000,single,0.0,0.0,10000.0,0.0,0.023277197677700312,0.006391451490054038,,,,0.0,1.0,100
grid_world,ddqn_er,"results/grid_world/ddqn_er/batch_size64_buffer_capacity10000_epsilon_decay_steps20000_epsilon_end0.01_epsilon_start1.0_gamma0.99_hidden_layers[64, 64]_learning_starts1000_lr0.0003_target_update_freq200_seed123",123,1000,single,0.0,0.0,10000.0,0.0,0.02312731091317255,0.004595290521747932,,,,0.0,1.0,100
grid_world,ddqn_er,"results/grid_world/ddqn_er/batch_size64_buffer_capacity10000_epsilon_decay_steps20000_epsilon_end0.01_epsilon_start1.0_gamma0.99_hidden_layers[64, 64]_learning_starts1000_lr0.0003_target_update_freq200_seed123",123,10000,single,0.0,0.0,10000.0,0.0,0.022784412576409525,0.00222370918849172,,,,0.0,1.0,100
grid_world,ddqn_er,"results/grid_world/ddqn_er/batch_size64_buffer_capacity10000_epsilon_decay_steps20000_epsilon_end0.01_epsilon_start1.0_gamma0.99_hidden_layers[64, 64]_learning_starts1000_lr0.0003_target_update_freq200_seed123",123,50000,single,0.0,0.0,10000.0,0.0,0.023330866591306402,0.009900988755718402,,,,0.0,1.0,100
grid_world,ddqn_er,"results/grid_world/ddqn_er/batch_size64_buffer_capacity10000_epsilon_decay_steps20000_epsilon_end0.01_epsilon_start1.0_gamma0.99_hidden_layers[64, 64]_learning_starts1000_lr0.0003_target_update_freq200_seed123",123,100000,single,0.0,0.0,10000.0,0.0,0.023052870429353788,0.009395778892839251,,,,0.0,1.0,100
grid_world,ddqn_er,"results/grid_world/ddqn_er/batch_size64_buffer_capacity10000_epsilon_decay_steps20000_epsilon_end0.01_epsilon_start1.0_gamma0.99_hidden_layers[64, 64]_learning_starts1000_lr0.0003_target_update_freq200_seed42",42,1000,single,0.0,0.0,10000.0,0.0,0.023261016051343175,0.007515523904695417,,,,0.0,1.0,100
grid_world,ddqn_er,"results/grid_world/ddqn_er/batch_size64_buffer_capacity10000_epsilon_decay_steps20000_epsilon_end0.01_epsilon_start1.0_gamma0.99_hidden_layers[64, 64]_learning_starts1000_lr0.0003_target_update_freq200_seed42",42,10000,single,0.0,0.0,10000.0,0.0,0.022940752875816543,0.004260579206682232,,,,0.0,1.0,100
grid_world,ddqn_er,"results/grid_world/ddqn_er/batch_size64_buffer_capacity10000_epsilon_decay_steps20000_epsilon_end0.01_epsilon_start1.0_gamma0.99_hidden_layers[64, 64]_learning_starts1000_lr0.0003_target_update_freq200_seed42",42,50000,single,0.0,0.0,10000.0,0.0,0.022921508007566444,0.0034233399931986185,,,,0.0,1.0,100
grid_world,ddqn_er,"results/grid_world/ddqn_er/batch_size64_buffer_capacity10000_epsilon_decay_steps20000_epsilon_end0.01_epsilon_start1.0_gamma0.99_hidden_layers[64, 64]_learning_starts1000_lr0.0003_target_update_freq200_seed42",42,100000,single,0.0,0.0,10000.0,0.0,0.0227456217436702,0.0036898595774411593,,,,0.0,1.0,100
grid_world,ddqn_er,"results/grid_world/ddqn_er/batch_size64_buffer_capacity10000_epsilon_decay_steps20000_epsilon_end0.01_epsilon_start1.0_gamma0.99_hidden_layers[64, 64]_learning_starts1000_lr0.001_target_update_freq200_seed42",42,1000,single,1.0,0.0,8.0,0.0,0.023464342011720873,0.0038060471677374046,,,,1.0,0.0,100
grid_world,ddqn_er,"results/grid_world/ddqn_er/batch_size64_buffer_capacity10000_epsilon_decay_steps20000_epsilon_end0.01_epsilon_start1.0_gamma0.99_hidden_layers[64, 64]_learning_starts1000_lr0.001_target_update_freq200_seed42",42,10000,single,1.0,0.0,8.0,0.0,0.023649619688512757,0.005259712184647163,,,,1.0,0.0,100
grid_world,ddqn_er,"results/grid_world/ddqn_er/batch_size64_buffer_capacity10000_epsilon_decay_steps20000_epsilon_end0.01_epsilon_start1.0_gamma0.99_hidden_layers[64, 64]_learning_starts1000_lr0.001_target_update_freq200_seed42",42,50000,single,0.0,0.0,10000.0,0.0,0.022632463019515853,0.002979873249804345,,,,0.0,1.0,100
grid_world,ddqn_per,"results/grid_world/ddqn_per/batch_size64_buffer_capacity10000_epsilon_decay_steps20000_epsilon_end0.01_epsilon_start1.0_gamma0.99_hidden_layers[64, 64]_learning_starts1000_lr0.0003_per_alpha0.6_per_beta_end1.0_per_beta_start0.4_per_beta_steps80000_target_update_freq200_seed123",123,1000,single,1.0,0.0,8.0,0.0,0.023327529343077913,0.003731729086031446,,,,1.0,0.0,100
grid_world,ddqn_per,"results/grid_world/ddqn_per/batch_size64_buffer_capacity10000_epsilon_decay_steps20000_epsilon_end0.01_epsilon_start1.0_gamma0.99_hidden_layers[64, 64]_learning_starts1000_lr0.0003_per_alpha0.6_per_beta_end1.0_per_beta_start0.4_per_beta_steps80000_target_update_freq200_seed123",123,10000,single,0.0,0.0,10000.0,0.0,0.022576644211658278,0.007301601410305336,,,,0.0,1.0,100
grid_world,ddqn_per,"results/grid_world/ddqn_per/batch_size64_buffer_capacity10000_epsilon_decay_steps20000_epsilon_end0.01_epsilon_start1.0_gamma0.99_hidden_layers[64, 64]_learning_starts1000_lr0.0003_per_alpha0.6_per_beta_end1.0_per_beta_start0.4_per_beta_steps80000_target_update_freq200_seed123",123,50000,single,0.0,0.0,10000.0,0.0,0.022508114241878503,0.0009815410767114053,,,,0.0,1.0,100
grid_world,ddqn_per,"results/grid_world/ddqn_per/batch_size64_buffer_capacity10000_epsilon_decay_steps20000_epsilon_end0.01_epsilon_start1.0_gamma0.99_hidden_layers[64, 64]_learning_starts1000_lr0.0003_per_alpha0.6_per_beta_end1.0_per_beta_start0.4_per_beta_steps80000_target_update_freq200_seed123",123,100000,single,0.0,0.0,10000.0,0.0,0.022519587071612477,0.0010722306082779852,,,,0.0,1.0,100
grid_world,ddqn_per,"results/grid_world/ddqn_per/batch_size64_buffer_capacity10000_epsilon_decay_steps20000_epsilon_end0.01_epsilon_start1.0_gamma0.99_hidden_layers[64, 64]_learning_starts1000_lr0.0003_per_alpha0.6_per_beta_end1.0_per_beta_start0.4_per_beta_steps80000_target_update_freq200_seed42",42,1000,single,0.0,0.0,10000.0,0.0,0.022903383406810463,0.00886896510358425,,,,0.0,1.0,100
grid_world,ddqn_per,"results/grid_world/ddqn_per/batch_size64_buffer_capacity10000_epsilon_decay_steps20000_epsilon_end0.01_epsilon_start1.0_gamma0.99_hidden_layers[64, 64]_learning_starts1000_lr0.0003_per_alpha0.6_per_beta_end1.0_per_beta_start0.4_per_beta_steps80000_target_update_freq200_seed42",42,10000,single,1.0,0.0,8.0,0.0,0.022974351668381132,0.001727088979387174,,,,1.0,0.0,100
grid_world,ddqn_per,"results/grid_world/ddqn_per/batch_size64_buffer_capacity10000_epsilon_decay_steps20000_epsilon_end0.01_epsilon_start1.0_gamma0.99_hidden_layers[64, 64]_learning_starts1000_lr0.0003_per_alpha0.6_per_beta_end1.0_per_beta_start0.4_per_beta_steps80000_target_update_freq200_seed42",42,50000,single,1.0,0.0,8.0,0.0,0.023044067929731682,0.0013559433733525603,,,,1.0,0.0,100
grid_world,ddqn_per,"results/grid_world/ddqn_per/batch_size64_buffer_capacity10000_epsilon_decay_steps20000_epsilon_end0.01_epsilon_start1.0_gamma0.99_hidden_layers[64, 64]_learning_starts1000_lr0.0003_per_alpha0.6_per_beta_end1.0_per_beta_start0.4_per_beta_steps80000_target_update_freq200_seed42",42,100000,single,1.0,0.0,8.0,0.0,0.0229760876391083,0.0010725311927144287,,,,1.0,0.0,100
grid_world,ddqn_per,"results/grid_world/ddqn_per/batch_size64_buffer_capacity10000_epsilon_decay_steps20000_epsilon_end0.01_epsilon_start1.0_gamma0.99_hidden_layers[64, 64]_learning_starts1000_lr0.001_per_alpha0.6_per_beta_end1.0_per_beta_start0.4_per_beta_steps80000_target_update_freq200_seed42",42,1000,single,0.0,0.0,10000.0,0.0,0.02288200714433333,0.003929125195545011,,,,0.0,1.0,100
grid_world,ddqn_per,"results/grid_world/ddqn_per/batch_size64_buffer_capacity10000_epsilon_decay_steps20000_epsilon_end0.01_epsilon_start1.0_gamma0.99_hidden_layers[64, 64]_learning_starts1000_lr0.001_per_alpha0.6_per_beta_end1.0_per_beta_start0.4_per_beta_steps80000_target_update_freq200_seed42",42,10000,single,0.0,0.0,10000.0,0.0,0.022508715268049855,0.002811625835677099,,,,0.0,1.0,100
grid_world,ddqn_per,"results/grid_world/ddqn_per/batch_size64_buffer_capacity10000_epsilon_decay_steps20000_epsilon_end0.01_epsilon_start1.0_gamma0.99_hidden_layers[64, 64]_learning_starts1000_lr0.001_per_alpha0.6_per_beta_end1.0_per_beta_start0.4_per_beta_steps80000_target_update_freq200_seed42",42,50000,single,0.0,0.0,10000.0,0.0,0.022792281918693334,0.010022092843633262,,,,0.0,1.0,100
grid_world,dqn,"results/grid_world/dqn/batch_size64_buffer_capacity10000_epsilon_decay_steps20000_epsilon_end0.01_epsilon_start1.0_gamma0.99_hidden_layers[64, 64]_lr0.0003_target_update_freq200_seed123",123,1000,single,0.0,0.0,10000.0,0.0,0.022641028256039135,0.0016830422270696132,,,,0.0,1.0,100
grid_world,dqn,"results/grid_world/dqn/batch_size64_buffer_capacity10000_epsilon_decay_steps20000_epsilon_end0.01_epsilon_start1.0_gamma0.99_hidden_layers[64, 64]_lr0.0003_target_update_freq200_seed123",123,10000,single,1.0,0.0,8.0,0.0,0.023431037843693048,0.0037961523791333845,,,,1.0,0.0,100
grid_world,dqn,"results/grid_world/dqn/batch_size64_buffer_capacity10000_epsilon_decay_steps20000_epsilon_end0.01_epsilon_start1.0_gamma0.99_hidden_layers[64, 64]_lr0.0003_target_update_freq200_seed123",123,50000,single,1.0,0.0,8.0,0.0,0.0245463837927673,0.0065581468474789646,,,,1.0,0.0,100
grid_world,dqn,"results/grid_world/dqn/batch_size64_buffer_capacity10000_epsilon_decay_steps20000_epsilon_end0.01_epsilon_start1.0_gamma0.99_hidden_layers[64, 64]_lr0.0003_target_update_freq200_seed123",123,100000,single,0.0,0.0,10000.0,0.0,0.02323170156829292,0.01960150217307494,,,,0.0,1.0,100
grid_world,dqn,"results/grid_world/dqn/batch_size64_buffer_capacity10000_epsilon_decay_steps20000_epsilon_end0.01_epsilon_start1.0_gamma0.99_hidden_layers[64, 64]_lr0.0003_target_update_freq200_seed42",42,1000,single,0.0,0.0,10000.0,0.0,0.022630377221503295,0.0018879050876278597,,,,0.0,1.0,100
grid_world,dqn,"results/grid_world/dqn/batch_size64_buffer_capacity10000_epsilon_decay_steps20000_epsilon_end0.01_epsilon_start1.0_gamma0.99_hidden_layers[64, 64]_lr0.0003_target_update_freq200_seed42",42,10000,single,0.0,0.0,10000.0,0.0,0.02242710156639805,0.0013238882014515604,,,,0.0,1.0,100
grid_world,dqn,"results/grid_world/dqn/batch_size64_buffer_capacity10000_epsilon_decay_steps20000_epsilon_end0.01_epsilon_start1.0_gamma0.99_hidden_layers[64, 64]_lr0.0003_target_update_freq200_seed42",42,50000,single,0.0,0.0,10000.0,0.0,0.022477152949664743,0.001089413024143414,,,,0.0,1.0,100
grid_world,dqn,"results/grid_world/dqn/batch_size64_buffer_capacity10000_epsilon_decay_steps20000_epsilon_end0.01_epsilon_start1.0_gamma0.99_hidden_layers[64, 64]_lr0.0003_target_update_freq200_seed42",42,100000,single,0.0,0.0,10000.0,0.0,0.022544339116197076,0.004015631106296301,,,,0.0,1.0,100
grid_world,dqn,"results/grid_world/dqn/batch_size64_buffer_capacity10000_epsilon_decay_steps20000_epsilon_end0.01_epsilon_start1.0_gamma0.99_hidden_layers[64, 64]_lr0.001_target_update_freq200_seed42",42,1000,single,0.0,0.0,10000.0,0.0,0.022954533046402503,0.007889367198516016,,,,0.0,1.0,100
grid_world,dqn,"results/grid_world/dqn/batch_size64_buffer_capacity10000_epsilon_decay_steps20000_epsilon_end0.01_epsilon_start1.0_gamma0.99_hidden_layers[64, 64]_lr0.001_target_update_freq200_seed42",42,10000,single,0.0,0.0,10000.0,0.0,0.02261383464944083,0.001505433135754038,,,,0.0,1.0,100
grid_world,dqn,"results/grid_world/dqn/batch_size64_buffer_capacity10000_epsilon_decay_steps20000_epsilon_end0.01_epsilon_start1.0_gamma0.99_hidden_layers[64, 64]_lr0.001_target_update_freq200_seed42",42,50000,single,0.0,0.0,10000.0,0.0,0.023005183753441086,0.0043612500759070884,,,,0.0,1.0,100
grid_world,tabular_q,results/grid_world/tabular_q/epsilon_decay_steps20000_epsilon_end0.01_epsilon_start1.0_gamma0.99_lr0.1_seed42,42,1000,single,1.0,0.0,8.0,0.0,0.0011042290861951187,0.0004651667336533857,,,,1.0,0.0,100
grid_world,tabular_q,results/grid_world/tabular_q/epsilon_decay_steps20000_epsilon_end0.01_epsilon_start1.0_gamma0.99_lr0.1_seed42,42,10000,single,1.0,0.0,8.0,0.0,0.0011700624600052834,0.0006928811997228938,,,,1.0,0.0,100
grid_world,tabular_q,results/grid_world/tabular_q/epsilon_decay_steps20000_epsilon_end0.01_epsilon_start1.0_gamma0.99_lr0.1_seed42,42,50000,single,1.0,0.0,8.0,0.0,0.0010846406075870618,9.63508484271297e-05,,,,1.0,0.0,100
line_world,ddqn,"results/line_world/ddqn/batch_size64_buffer_capacity10000_epsilon_decay_steps10000_epsilon_end0.01_epsilon_start1.0_gamma0.99_hidden_layers[64, 64]_lr0.001_target_update_freq100_seed42",42,1000,single,1.0,0.0,2.0,0.0,0.02374561270698905,0.0037682642535237757,,,,1.0,0.0,100
line_world,ddqn,"results/line_world/ddqn/batch_size64_buffer_capacity10000_epsilon_decay_steps10000_epsilon_end0.01_epsilon_start1.0_gamma0.99_hidden_layers[64, 64]_lr0.001_target_update_freq100_seed42",42,10000,single,1.0,0.0,2.0,0.0,0.023380248749163002,0.0023740684929334315,,,,1.0,0.0,100
line_world,ddqn,"results/line_world/ddqn/batch_size64_buffer_capacity10000_epsilon_decay_steps10000_epsilon_end0.01_epsilon_start1.0_gamma0.99_hidden_layers[64, 64]_lr0.001_target_update_freq100_seed42",42,50000,single,1.0,0.0,2.0,0.0,0.02303082641446963,0.001908984943544281,,,,1.0,0.0,100
line_world,ddqn_er,"results/line_world/ddqn_er/batch_size64_buffer_capacity10000_epsilon_decay_steps10000_epsilon_end0.01_epsilon_start1.0_gamma0.99_hidden_layers[64, 64]_learning_starts500_lr0.001_target_update_freq100_seed42",42,1000,single,1.0,0.0,2.0,0.0,0.023343967041000724,0.001993687668401666,,,,1.0,0.0,100
line_world,ddqn_er,"results/line_world/ddqn_er/batch_size64_buffer_capacity10000_epsilon_decay_steps10000_epsilon_end0.01_epsilon_start1.0_gamma0.99_hidden_layers[64, 64]_learning_starts500_lr0.001_target_update_freq100_seed42",42,10000,single,1.0,0.0,2.0,0.0,0.023031460877973586,0.0011594457165677039,,,,1.0,0.0,100
line_world,ddqn_er,"results/line_world/ddqn_er/batch_size64_buffer_capacity10000_epsilon_decay_steps10000_epsilon_end0.01_epsilon_start1.0_gamma0.99_hidden_layers[64, 64]_learning_starts500_lr0.001_target_update_freq100_seed42",42,50000,single,1.0,0.0,2.0,0.0,0.023476074857171625,0.001324650114126962,,,,1.0,0.0,100
line_world,ddqn_per,"results/line_world/ddqn_per/batch_size64_buffer_capacity10000_epsilon_decay_steps10000_epsilon_end0.01_epsilon_start1.0_gamma0.99_hidden_layers[64, 64]_learning_starts500_lr0.001_per_alpha0.6_per_beta_end1.0_per_beta_start0.4_per_beta_steps50000_target_update_freq100_seed42",42,1000,single,1.0,0.0,2.0,0.0,0.023484364210162312,0.0022735982754916667,,,,1.0,0.0,100
line_world,ddqn_per,"results/line_world/ddqn_per/batch_size64_buffer_capacity10000_epsilon_decay_steps10000_epsilon_end0.01_epsilon_start1.0_gamma0.99_hidden_layers[64, 64]_learning_starts500_lr0.001_per_alpha0.6_per_beta_end1.0_per_beta_start0.4_per_beta_steps50000_target_update_freq100_seed42",42,10000,single,1.0,0.0,2.0,0.0,0.0229520836728625,0.0009813809835498206,,,,1.0,0.0,100
line_world,ddqn_per,"results/line_world/ddqn_per/batch_size64_buffer_capacity10000_epsilon_decay_steps10000_epsilon_end0.01_epsilon_start1.0_gamma0.99_hidden_layers[64, 64]_learning_starts500_lr0.001_per_alpha0.6_per_beta_end1.0_per_beta_start0.4_per_beta_steps50000_target_update_freq100_seed42",42,50000,single,1.0,0.0,2.0,0.0,0.023844593670219183,0.002032149927099606,,,,1.0,0.0,100
line_world,dqn,"results/line_world/dqn/batch_size64_buffer_capacity10000_epsilon_decay_steps10000_epsilon_end0.01_epsilon_start1.0_gamma0.99_hidden_layers[64, 64]_lr0.001_target_update_freq100_seed42",42,1000,single,1.0,0.0,2.0,0.0,0.023936423240229487,0.002571883793695174,,,,1.0,0.0,100
line_world,dqn,"results/line_world/dqn/batch_size64_buffer_capacity10000_epsilon_decay_steps10000_epsilon_end0.01_epsilon_start1.0_gamma0.99_hidden_layers[64, 64]_lr0.001_target_update_freq100_seed42",42,10000,single,1.0,0.0,2.0,0.0,0.023159577685873955,0.0019856625369226565,,,,1.0,0.0,100
line_world,dqn,"results/line_world/dqn/batch_size64_buffer_capacity10000_epsilon_decay_steps10000_epsilon_end0.01_epsilon_start1.0_gamma0.99_hidden_layers[64, 64]_lr0.001_target_update_freq100_seed42",42,50000,single,1.0,0.0,2.0,0.0,0.02347830537473783,0.0024036638478776903,,,,1.0,0.0,100
line_world,tabular_q,results/line_world/tabular_q/epsilon_decay_steps5000_epsilon_end0.01_epsilon_start1.0_gamma0.99_lr0.1_seed42,42,1000,single,1.0,0.0,2.0,0.0,0.0005979195702821016,0.00020174269725853187,,,,1.0,0.0,100
line_world,tabular_q,results/line_world/tabular_q/epsilon_decay_steps5000_epsilon_end0.01_epsilon_start1.0_gamma0.99_lr0.1_seed42,42,10000,single,1.0,0.0,2.0,0.0,0.0006150195258669555,0.0002419659588801363,,,,1.0,0.0,100
line_world,tabular_q,results/line_world/tabular_q/epsilon_decay_steps5000_epsilon_end0.01_epsilon_start1.0_gamma0.99_lr0.1_seed42,42,50000,single,1.0,0.0,2.0,0.0,0.000582761422265321,5.1098012112309424e-05,,,,1.0,0.0,100
tictactoe,ddqn,"results/tictactoe/ddqn/batch_size64_buffer_capacity50000_epsilon_decay_steps50000_epsilon_end0.05_epsilon_start1.0_gamma0.99_hidden_layers[128, 128]_lr0.001_target_update_freq200_seed42",42,1000,combined,-0.13,,8.28,,0.02893565692300036,,0.28,0.31,0.41,1.0,0.0,100
tictactoe,ddqn,"results/tictactoe/ddqn/batch_size64_buffer_capacity50000_epsilon_decay_steps50000_epsilon_end0.05_epsilon_start1.0_gamma0.99_hidden_layers[128, 128]_lr0.001_target_update_freq200_seed42",42,1000,p0,0.16,0.8089499366462672,8.38,0.9568698971124548,0.02969460451583329,0.003218847046626404,0.42,0.32,0.26,1.0,0.0,50
tictactoe,ddqn,"results/tictactoe/ddqn/batch_size64_buffer_capacity50000_epsilon_decay_steps50000_epsilon_end0.05_epsilon_start1.0_gamma0.99_hidden_layers[128, 128]_lr0.001_target_update_freq200_seed42",42,1000,p1,-0.42,0.7236021006050218,8.18,1.0712609392673664,0.028176709330167436,0.0037666851326062546,0.14,0.3,0.56,1.0,0.0,50
tictactoe,ddqn,"results/tictactoe/ddqn/batch_size64_buffer_capacity50000_epsilon_decay_steps50000_epsilon_end0.05_epsilon_start1.0_gamma0.99_hidden_layers[128, 128]_lr0.001_target_update_freq200_seed42",42,10000,combined,0.03,,8.23,,0.028203786663943006,,0.37,0.29,0.34,1.0,0.0,100
tictactoe,ddqn,"results/tictactoe/ddqn/batch_size64_buffer_capacity50000_epsilon_decay_steps50000_epsilon_end0.05_epsilon_start1.0_gamma0.99_hidden_layers[128, 128]_lr0.001_target_update_freq200_seed42",42,10000,p0,0.4,0.7745966692414834,8.46,1.0041912168506553,0.028541673161490855,0.0024143287410322203,0.58,0.24,0.18,1.0,0.0,50
tictactoe,ddqn,"results/tictactoe/ddqn/batch_size64_buffer_capacity50000_epsilon_decay_steps50000_epsilon_end0.05_epsilon_start1.0_gamma0.99_hidden_layers[128, 128]_lr0.001_target_update_freq200_seed42",42,10000,p1,-0.34,0.7378346698278687,8.0,1.1489125293076057,0.027865900166395157,0.00128355717296455,0.16,0.34,0.5,1.0,0.0,50
tictactoe,ddqn,"results/tictactoe/ddqn/batch_size64_buffer_capacity50000_epsilon_decay_steps50000_epsilon_end0.05_epsilon_start1.0_gamma0.99_hidden_layers[128, 128]_lr0.001_target_update_freq200_seed42",42,50000,combined,0.06,,8.43,,0.028496668714708562,,0.37,0.32,0.31,1.0,0.0,100
tictactoe,ddqn,"results/tictactoe/ddqn/batch_size64_buffer_capacity50000_epsilon_decay_steps50000_epsilon_end0.05_epsilon_start1.0_gamma0.99_hidden_layers[128, 128]_lr0.001_target_update_freq200_seed42",42,50000,p0,0.44,0.7525955088890712,8.8,0.5291502622129182,0.028441919987688916,0.0016880335173624853,0.6,0.24,0.16,1.0,0.0,50
tictactoe,ddqn,"results/tictactoe/ddqn/batch_size64_buffer_capacity50000_epsilon_decay_steps50000_epsilon_end0.05_epsilon_start1.0_gamma0.99_hidden_layers[128, 128]_lr0.001_target_update_freq200_seed42",42,50000,p1,-0.32,0.7054076835419358,8.06,1.1560276813294739,0.028551417441728212,0.0009603348776361591,0.14,0.4,0.46,1.0,0.0,50
tictactoe,ddqn_er,"results/tictactoe/ddqn_er/batch_size64_buffer_capacity50000_epsilon_decay_steps50000_epsilon_end0.05_epsilon_start1.0_gamma0.99_hidden_layers[128, 128]_learning_starts2000_lr0.001_target_update_freq200_seed42",42,1000,combined,0.31999999999999995,,7.89,,0.028131468445165765,,0.54,0.24,0.22,1.0,0.0,100
tictactoe,ddqn_er,"results/tictactoe/ddqn_er/batch_size64_buffer_capacity50000_epsilon_decay_steps50000_epsilon_end0.05_epsilon_start1.0_gamma0.99_hidden_layers[128, 128]_learning_starts2000_lr0.001_target_update_freq200_seed42",42,1000,p0,0.58,0.6660330322138687,8.02,1.1400000000000001,0.02846895245158619,0.00255274957984892,0.68,0.22,0.1,1.0,0.0,50
tictactoe,ddqn_er,"results/tictactoe/ddqn_er/batch_size64_buffer_capacity50000_epsilon_decay_steps50000_epsilon_end0.05_epsilon_start1.0_gamma0.99_hidden_layers[128, 128]_learning_starts2000_lr0.001_target_update_freq200_seed42",42,1000,p1,0.06,0.8581375181169975,7.76,1.2893409169028958,0.027793984438745336,0.0010726309383375227,0.4,0.26,0.34,1.0,0.0,50
tictactoe,ddqn_er,"results/tictactoe/ddqn_er/batch_size64_buffer_capacity50000_epsilon_decay_steps50000_epsilon_end0.05_epsilon_start1.0_gamma0.99_hidden_layers[128, 128]_learning_starts2000_lr0.001_target_update_freq200_seed42",42,10000,combined,0.15,,8.36,,0.02783437579549995,,0.37,0.41,0.22,1.0,0.0,100
tictactoe,ddqn_er,"results/tictactoe/ddqn_er/batch_size64_buffer_capacity50000_epsilon_decay_steps50000_epsilon_end0.05_epsilon_start1.0_gamma0.99_hidden_layers[128, 128]_learning_starts2000_lr0.001_target_update_freq200_seed42",42,10000,p0,0.42,0.7236021006050218,8.5,0.9219544457292888,0.0278993619657639,0.0028946058629484442,0.56,0.3,0.14,1.0,0.0,50
tictactoe,ddqn_er,"results/tictactoe/ddqn_er/batch_size64_buffer_capacity50000_epsilon_decay_steps50000_epsilon_end0.05_epsilon_start1.0_gamma0.99_hidden_layers[128, 128]_learning_starts2000_lr0.001_target_update_freq200_seed42",42,10000,p1,-0.12,0.6823488843692792,8.22,1.044796630928718,0.02776938962523599,0.0017811884407877936,0.18,0.52,0.3,1.0,0.0,50
tictactoe,ddqn_er,"results/tictactoe/ddqn_er/batch_size64_buffer_capacity50000_epsilon_decay_steps50000_epsilon_end0.05_epsilon_start1.0_gamma0.99_hidden_layers[128, 128]_learning_starts2000_lr0.001_target_update_freq200_seed42",42,50000,combined,0.029999999999999964,,8.34,,0.028504502322328717,,0.35,0.33,0.32,1.0,0.0,100
tictactoe,ddqn_er,"results/tictactoe/ddqn_er/batch_size64_buffer_capacity50000_epsilon_decay_steps50000_epsilon_end0.05_epsilon_start1.0_gamma0.99_hidden_layers[128, 128]_learning_starts2000_lr0.001_target_update_freq200_seed42",42,50000,p0,0.62,0.5617828762075256,8.92,0.43999999999999995,0.028550441033746068,0.001289987367498988,0.66,0.3,0.04,1.0,0.0,50
tictactoe,ddqn_er,"results/tictactoe/ddqn_er/batch_size64_buffer_capacity50000_epsilon_decay_steps50000_epsilon_end0.05_epsilon_start1.0_gamma0.99_hidden_layers[128, 128]_learning_starts2000_lr0.001_target_update_freq200_seed42",42,50000,p1,-0.56,0.5713142742834281,7.76,1.3646977687385584,0.02845856361091137,0.0008110410535804634,0.04,0.36,0.6,1.0,0.0,50
tictactoe,ddqn_per,"results/tictactoe/ddqn_per/batch_size64_buffer_capacity50000_epsilon_decay_steps50000_epsilon_end0.05_epsilon_start1.0_gamma0.99_hidden_layers[128, 128]_learning_starts2000_lr0.0005_per_alpha0.6_per_beta_end1.0_per_beta_start0.4_per_beta_steps80000_target_update_freq200_seed42",42,1000,combined,0.4,,7.3,,0.028408087566174887,,0.62,0.16,0.22,1.0,0.0,100
tictactoe,ddqn_per,"results/tictactoe/ddqn_per/batch_size64_buffer_capacity50000_epsilon_decay_steps50000_epsilon_end0.05_epsilon_start1.0_gamma0.99_hidden_layers[128, 128]_learning_starts2000_lr0.0005_per_alpha0.6_per_beta_end1.0_per_beta_start0.4_per_beta_steps80000_target_update_freq200_seed42",42,1000,p0,0.64,0.6858571279792899,7.2,1.4422205101855958,0.028595732903052676,0.003295134717898159,0.76,0.12,0.12,1.0,0.0,50
tictactoe,ddqn_per,"results/tictactoe/ddqn_per/batch_size64_buffer_capacity50000_epsilon_decay_steps50000_epsilon_end0.05_epsilon_start1.0_gamma0.99_hidden_layers[128, 128]_learning_starts2000_lr0.0005_per_alpha0.6_per_beta_end1.0_per_beta_start0.4_per_beta_steps80000_target_update_freq200_seed42",42,1000,p1,0.16,0.8799999999999998,7.4,1.414213562373095,0.028220442229297097,0.0018326473349470488,0.48,0.2,0.32,1.0,0.0,50
tictactoe,ddqn_per,"results/tictactoe/ddqn_per/batch_size64_buffer_capacity50000_epsilon_decay_steps50000_epsilon_end0.05_epsilon_start1.0_gamma0.99_hidden_layers[128, 128]_learning_starts2000_lr0.0005_per_alpha0.6_per_beta_end1.0_per_beta_start0.4_per_beta_steps80000_target_update_freq200_seed42",42,10000,combined,0.05,,8.33,,0.028844827390582833,,0.39,0.27,0.34,1.0,0.0,100
tictactoe,ddqn_per,"results/tictactoe/ddqn_per/batch_size64_buffer_capacity50000_epsilon_decay_steps50000_epsilon_end0.05_epsilon_start1.0_gamma0.99_hidden_layers[128, 128]_learning_starts2000_lr0.0005_per_alpha0.6_per_beta_end1.0_per_beta_start0.4_per_beta_steps80000_target_update_freq200_seed42",42,10000,p0,0.4,0.8,8.64,0.7418894796396563,0.02922578586533792,0.003185714081508173,0.6,0.2,0.2,1.0,0.0,50
tictactoe,ddqn_per,"results/tictactoe/ddqn_per/batch_size64_buffer_capacity50000_epsilon_decay_steps50000_epsilon_end0.05_epsilon_start1.0_gamma0.99_hidden_layers[128, 128]_learning_starts2000_lr0.0005_per_alpha0.6_per_beta_end1.0_per_beta_start0.4_per_beta_steps80000_target_update_freq200_seed42",42,10000,p1,-0.3,0.7549834435270749,8.02,1.303687079018581,0.02846386891582774,0.0008209346870550189,0.18,0.34,0.48,1.0,0.0,50
tictactoe,ddqn_per,"results/tictactoe/ddqn_per/batch_size64_buffer_capacity50000_epsilon_decay_steps50000_epsilon_end0.05_epsilon_start1.0_gamma0.99_hidden_layers[128, 128]_learning_starts2000_lr0.0005_per_alpha0.6_per_beta_end1.0_per_beta_start0.4_per_beta_steps80000_target_update_freq200_seed42",42,50000,combined,0.08,,8.42,,0.028562595021488793,,0.37,0.34,0.29,1.0,0.0,100
tictactoe,ddqn_per,"results/tictactoe/ddqn_per/batch_size64_buffer_capacity50000_epsilon_decay_steps50000_epsilon_end0.05_epsilon_start1.0_gamma0.99_hidden_layers[128, 128]_learning_starts2000_lr0.0005_per_alpha0.6_per_beta_end1.0_per_beta_start0.4_per_beta_steps80000_target_update_freq200_seed42",42,50000,p0,0.54,0.6696267617113283,8.78,0.7291090453423273,0.02859624738666452,0.0018407634215154756,0.64,0.26,0.1,1.0,0.0,50
tictactoe,ddqn_per,"results/tictactoe/ddqn_per/batch_size64_buffer_capacity50000_epsilon_decay_steps50000_epsilon_end0.05_epsilon_start1.0_gamma0.99_hidden_layers[128, 128]_learning_starts2000_lr0.0005_per_alpha0.6_per_beta_end1.0_per_beta_start0.4_per_beta_steps80000_target_update_freq200_seed42",42,50000,p1,-0.38,0.66,8.06,1.4478950238190615,0.02852894265631307,0.0012726165895767195,0.1,0.42,0.48,1.0,0.0,50
tictactoe,dqn,"results/tictactoe/dqn/batch_size64_buffer_capacity50000_epsilon_decay_steps50000_epsilon_end0.05_epsilon_start1.0_gamma0.99_hidden_layers[128, 128]_lr0.001_target_update_freq200_seed42",42,1000,combined,0.03,,8.05,,0.029210491458883513,,0.4,0.23,0.37,1.0,0.0,100
tictactoe,dqn,"results/tictactoe/dqn/batch_size64_buffer_capacity50000_epsilon_decay_steps50000_epsilon_end0.05_epsilon_start1.0_gamma0.99_hidden_layers[128, 128]_lr0.001_target_update_freq200_seed42",42,1000,p0,0.38,0.7717512552629895,8.38,0.8692525524840292,0.029673377993395148,0.0026426353081865396,0.56,0.26,0.18,1.0,0.0,50
tictactoe,dqn,"results/tictactoe/dqn/batch_size64_buffer_capacity50000_epsilon_decay_steps50000_epsilon_end0.05_epsilon_start1.0_gamma0.99_hidden_layers[128, 128]_lr0.001_target_update_freq200_seed42",42,1000,p1,-0.32,0.835224520712844,7.72,1.4005713120009278,0.028747604924371874,0.0017604474490599822,0.24,0.2,0.56,1.0,0.0,50
tictactoe,dqn,"results/tictactoe/dqn/batch_size64_buffer_capacity50000_epsilon_decay_steps50000_epsilon_end0.05_epsilon_start1.0_gamma0.99_hidden_layers[128, 128]_lr0.001_target_update_freq200_seed42",42,10000,combined,0.08,,8.47,,0.02879807160072014,,0.36,0.36,0.28,1.0,0.0,100
tictactoe,dqn,"results/tictactoe/dqn/batch_size64_buffer_capacity50000_epsilon_decay_steps50000_epsilon_end0.05_epsilon_start1.0_gamma0.99_hidden_layers[128, 128]_lr0.001_target_update_freq200_seed42",42,10000,p0,0.54,0.6988562083862458,8.76,0.7364781055808788,0.0285747187130957,0.003133514552663429,0.66,0.22,0.12,1.0,0.0,50
tictactoe,dqn,"results/tictactoe/dqn/batch_size64_buffer_capacity50000_epsilon_decay_steps50000_epsilon_end0.05_epsilon_start1.0_gamma0.99_hidden_layers[128, 128]_lr0.001_target_update_freq200_seed42",42,10000,p1,-0.38,0.596322060635023,8.18,1.3067516979135705,0.029021424488344577,0.002518992116902268,0.06,0.5,0.44,1.0,0.0,50
tictactoe,dqn,"results/tictactoe/dqn/batch_size64_buffer_capacity50000_epsilon_decay_steps50000_epsilon_end0.05_epsilon_start1.0_gamma0.99_hidden_layers[128, 128]_lr0.001_target_update_freq200_seed42",42,50000,combined,0.04999999999999998,,8.38,,0.02880648067997873,,0.37,0.31,0.32,1.0,0.0,100
tictactoe,dqn,"results/tictactoe/dqn/batch_size64_buffer_capacity50000_epsilon_decay_steps50000_epsilon_end0.05_epsilon_start1.0_gamma0.99_hidden_layers[128, 128]_lr0.001_target_update_freq200_seed42",42,50000,p0,0.38,0.8219489035213806,8.62,0.845931439302264,0.028359059719963275,0.002593466997272533,0.6,0.18,0.22,1.0,0.0,50
tictactoe,dqn,"results/tictactoe/dqn/batch_size64_buffer_capacity50000_epsilon_decay_steps50000_epsilon_end0.05_epsilon_start1.0_gamma0.99_hidden_layers[128, 128]_lr0.001_target_update_freq200_seed42",42,50000,p1,-0.28,0.6939740629158989,8.14,1.2167168939404105,0.029253901639994192,0.0026591464674004055,0.14,0.44,0.42,1.0,0.0,50
tictactoe,tabular_q,results/tictactoe/tabular_q/epsilon_decay_steps50000_epsilon_end0.05_epsilon_start1.0_gamma0.99_lr0.1_seed42,42,1000,combined,0.46,,6.59,,0.0017427576813927165,,0.72,0.02,0.26,1.0,0.0,100
tictactoe,tabular_q,results/tictactoe/tabular_q/epsilon_decay_steps50000_epsilon_end0.05_epsilon_start1.0_gamma0.99_lr0.1_seed42,42,1000,p0,0.78,0.6095900261651268,6.46,1.4029967925836468,0.0018190700717715788,0.0015074570147039852,0.88,0.02,0.1,1.0,0.0,50
tictactoe,tabular_q,results/tictactoe/tabular_q/epsilon_decay_steps50000_epsilon_end0.05_epsilon_start1.0_gamma0.99_lr0.1_seed42,42,1000,p1,0.14,0.98,6.72,1.2655433615645102,0.0016664452910138544,0.000814137291364052,0.56,0.02,0.42,1.0,0.0,50
tictactoe,tabular_q,results/tictactoe/tabular_q/epsilon_decay_steps50000_epsilon_end0.05_epsilon_start1.0_gamma0.99_lr0.1_seed42,42,10000,combined,0.44,,6.37,,0.0015946205283820353,,0.69,0.06,0.25,1.0,0.0,100
tictactoe,tabular_q,results/tictactoe/tabular_q/epsilon_decay_steps50000_epsilon_end0.05_epsilon_start1.0_gamma0.99_lr0.1_seed42,42,10000,p0,1.0,0.0,5.44,0.92,0.0016765191034639473,0.0007873205972357526,1.0,0.0,0.0,1.0,0.0,50
tictactoe,tabular_q,results/tictactoe/tabular_q/epsilon_decay_steps50000_epsilon_end0.05_epsilon_start1.0_gamma0.99_lr0.1_seed42,42,10000,p1,-0.12,0.9303762679690406,7.3,1.4866068747318506,0.0015127219533001236,0.00016130179332943424,0.38,0.12,0.5,1.0,0.0,50
tictactoe,tabular_q,results/tictactoe/tabular_q/epsilon_decay_steps50000_epsilon_end0.05_epsilon_start1.0_gamma0.99_lr0.1_seed42,42,50000,combined,0.32,,6.34,,0.0015740773240724355,,0.64,0.04,0.32,1.0,0.0,100
tictactoe,tabular_q,results/tictactoe/tabular_q/epsilon_decay_steps50000_epsilon_end0.05_epsilon_start1.0_gamma0.99_lr0.1_seed42,42,50000,p0,0.96,0.19595917942265428,5.48,1.0998181667894018,0.001590364802352808,0.00015221078613676,0.96,0.04,0.0,1.0,0.0,50
tictactoe,tabular_q,results/tictactoe/tabular_q/epsilon_decay_steps50000_epsilon_end0.05_epsilon_start1.0_gamma0.99_lr0.1_seed42,42,50000,p1,-0.32,0.926066952223218,7.2,1.42828568570857,0.0015577898457920624,0.0008547589347925636,0.32,0.04,0.64,1.0,0.0,50
